[     184ms] [INFO] %cDownload the React DevTools for a better development experience: https://react.dev/link/react-devtools font-weight:bold @ http://localhost:5173/node_modules/.vite/deps/react-dom_client.js?v=4031c4db:20102
[     245ms] [ERROR] Failed to load resource: the server responded with a status of 500 (Internal Server Error) @ http://localhost:5173/health:0
[     251ms] [ERROR] Failed to load resource: the server responded with a status of 500 (Internal Server Error) @ http://localhost:5173/health:0
[     258ms] [ERROR] Failed to load projects for ApprovalDialog TypeError: Cannot read properties of undefined (reading 'map')
    at listProjects (http://localhost:5173/src/lib/api/projects.ts:64:24)
    at async initProjects (http://localhost:5173/src/components/agent/ApprovalDialog.tsx:41:23) @ http://localhost:5173/src/components/agent/ApprovalDialog.tsx:47
[     263ms] [ERROR] Failed to load projects for ApprovalDialog TypeError: Cannot read properties of undefined (reading 'map')
    at listProjects (http://localhost:5173/src/lib/api/projects.ts:64:24)
    at async initProjects (http://localhost:5173/src/components/agent/ApprovalDialog.tsx:41:23) @ http://localhost:5173/src/components/agent/ApprovalDialog.tsx:47
[     326ms] [WARNING] Translation key not found: opsV2.errors.apiError @ http://localhost:5173/src/i18n/context.tsx:52
[     326ms] [WARNING] Translation key not found: opsV2.errors.retry @ http://localhost:5173/src/i18n/context.tsx:52
[     327ms] [WARNING] Translation key not found: opsV2.errors.apiError @ http://localhost:5173/src/i18n/context.tsx:52
[     327ms] [WARNING] Translation key not found: opsV2.errors.retry @ http://localhost:5173/src/i18n/context.tsx:52
[     353ms] [WARNING] Translation key not found: opsV2.errors.apiError @ http://localhost:5173/src/i18n/context.tsx:52
[     353ms] [WARNING] Translation key not found: opsV2.errors.retry @ http://localhost:5173/src/i18n/context.tsx:52
[     354ms] [WARNING] Translation key not found: opsV2.errors.apiError @ http://localhost:5173/src/i18n/context.tsx:52
[     354ms] [WARNING] Translation key not found: opsV2.errors.retry @ http://localhost:5173/src/i18n/context.tsx:52
[     381ms] [WARNING] Translation key not found: opsV2.errors.apiError @ http://localhost:5173/src/i18n/context.tsx:52
[     381ms] [WARNING] Translation key not found: opsV2.errors.retry @ http://localhost:5173/src/i18n/context.tsx:52
[     381ms] [WARNING] Translation key not found: opsV2.errors.apiError @ http://localhost:5173/src/i18n/context.tsx:52
[     381ms] [WARNING] Translation key not found: opsV2.errors.retry @ http://localhost:5173/src/i18n/context.tsx:52
[     403ms] [WARNING] Translation key not found: opsV2.errors.retrying @ http://localhost:5173/src/i18n/context.tsx:52
[     403ms] [WARNING] Translation key not found: opsV2.errors.retrying @ http://localhost:5173/src/i18n/context.tsx:52
[    3402ms] [WARNING] Translation key not found: opsV2.errors.apiError @ http://localhost:5173/src/i18n/context.tsx:52
[    3402ms] [WARNING] Translation key not found: opsV2.errors.retry @ http://localhost:5173/src/i18n/context.tsx:52
[    3403ms] [WARNING] Translation key not found: opsV2.errors.apiError @ http://localhost:5173/src/i18n/context.tsx:52
[    3403ms] [WARNING] Translation key not found: opsV2.errors.retry @ http://localhost:5173/src/i18n/context.tsx:52
[    3427ms] [WARNING] Translation key not found: opsV2.errors.apiError @ http://localhost:5173/src/i18n/context.tsx:52
[    3427ms] [WARNING] Translation key not found: opsV2.errors.retry @ http://localhost:5173/src/i18n/context.tsx:52
[    3427ms] [WARNING] Translation key not found: opsV2.errors.apiError @ http://localhost:5173/src/i18n/context.tsx:52
[    3428ms] [WARNING] Translation key not found: opsV2.errors.retry @ http://localhost:5173/src/i18n/context.tsx:52
[    3453ms] [WARNING] Translation key not found: opsV2.errors.retrying @ http://localhost:5173/src/i18n/context.tsx:52
[    3453ms] [WARNING] Translation key not found: opsV2.errors.retrying @ http://localhost:5173/src/i18n/context.tsx:52
[    6452ms] [WARNING] Translation key not found: opsV2.errors.apiError @ http://localhost:5173/src/i18n/context.tsx:52
[    6452ms] [WARNING] Translation key not found: opsV2.errors.retry @ http://localhost:5173/src/i18n/context.tsx:52
[    6453ms] [WARNING] Translation key not found: opsV2.errors.apiError @ http://localhost:5173/src/i18n/context.tsx:52
[    6453ms] [WARNING] Translation key not found: opsV2.errors.retry @ http://localhost:5173/src/i18n/context.tsx:52
[    6476ms] [WARNING] Translation key not found: opsV2.errors.apiError @ http://localhost:5173/src/i18n/context.tsx:52
[    6476ms] [WARNING] Translation key not found: opsV2.errors.retry @ http://localhost:5173/src/i18n/context.tsx:52
[    6476ms] [WARNING] Translation key not found: opsV2.errors.apiError @ http://localhost:5173/src/i18n/context.tsx:52
[    6477ms] [WARNING] Translation key not found: opsV2.errors.retry @ http://localhost:5173/src/i18n/context.tsx:52
[    6496ms] [WARNING] Translation key not found: opsV2.errors.retrying @ http://localhost:5173/src/i18n/context.tsx:52
[    6497ms] [WARNING] Translation key not found: opsV2.errors.retrying @ http://localhost:5173/src/i18n/context.tsx:52
[    9496ms] [WARNING] Translation key not found: opsV2.errors.apiError @ http://localhost:5173/src/i18n/context.tsx:52
[    9496ms] [WARNING] Translation key not found: opsV2.errors.retry @ http://localhost:5173/src/i18n/context.tsx:52
[    9496ms] [WARNING] Translation key not found: opsV2.errors.apiError @ http://localhost:5173/src/i18n/context.tsx:52
[    9497ms] [WARNING] Translation key not found: opsV2.errors.retry @ http://localhost:5173/src/i18n/context.tsx:52
[    9518ms] [WARNING] Translation key not found: opsV2.errors.apiError @ http://localhost:5173/src/i18n/context.tsx:52
[    9518ms] [WARNING] Translation key not found: opsV2.errors.retry @ http://localhost:5173/src/i18n/context.tsx:52
[    9519ms] [WARNING] Translation key not found: opsV2.errors.apiError @ http://localhost:5173/src/i18n/context.tsx:52
[    9519ms] [WARNING] Translation key not found: opsV2.errors.retry @ http://localhost:5173/src/i18n/context.tsx:52
[    9542ms] [WARNING] Translation key not found: opsV2.errors.retrying @ http://localhost:5173/src/i18n/context.tsx:52
[    9542ms] [WARNING] Translation key not found: opsV2.errors.retrying @ http://localhost:5173/src/i18n/context.tsx:52
[   12542ms] [WARNING] Translation key not found: opsV2.errors.apiError @ http://localhost:5173/src/i18n/context.tsx:52
[   12542ms] [WARNING] Translation key not found: opsV2.errors.retry @ http://localhost:5173/src/i18n/context.tsx:52
[   12542ms] [WARNING] Translation key not found: opsV2.errors.apiError @ http://localhost:5173/src/i18n/context.tsx:52
[   12542ms] [WARNING] Translation key not found: opsV2.errors.retry @ http://localhost:5173/src/i18n/context.tsx:52
[   12565ms] [WARNING] Translation key not found: opsV2.errors.apiError @ http://localhost:5173/src/i18n/context.tsx:52
[   12565ms] [WARNING] Translation key not found: opsV2.errors.retry @ http://localhost:5173/src/i18n/context.tsx:52
[   12565ms] [WARNING] Translation key not found: opsV2.errors.apiError @ http://localhost:5173/src/i18n/context.tsx:52
[   12565ms] [WARNING] Translation key not found: opsV2.errors.retry @ http://localhost:5173/src/i18n/context.tsx:52
[   12583ms] [WARNING] Translation key not found: opsV2.errors.retrying @ http://localhost:5173/src/i18n/context.tsx:52
[   12583ms] [WARNING] Translation key not found: opsV2.errors.retrying @ http://localhost:5173/src/i18n/context.tsx:52
[   15584ms] [WARNING] Translation key not found: opsV2.errors.apiError @ http://localhost:5173/src/i18n/context.tsx:52
[   15584ms] [WARNING] Translation key not found: opsV2.errors.retry @ http://localhost:5173/src/i18n/context.tsx:52
[   15584ms] [WARNING] Translation key not found: opsV2.errors.apiError @ http://localhost:5173/src/i18n/context.tsx:52
[   15584ms] [WARNING] Translation key not found: opsV2.errors.retry @ http://localhost:5173/src/i18n/context.tsx:52
[   15605ms] [WARNING] Translation key not found: opsV2.errors.apiError @ http://localhost:5173/src/i18n/context.tsx:52
[   15605ms] [WARNING] Translation key not found: opsV2.errors.retry @ http://localhost:5173/src/i18n/context.tsx:52
[   15606ms] [WARNING] Translation key not found: opsV2.errors.apiError @ http://localhost:5173/src/i18n/context.tsx:52
[   15606ms] [WARNING] Translation key not found: opsV2.errors.retry @ http://localhost:5173/src/i18n/context.tsx:52
[   15626ms] [WARNING] Translation key not found: opsV2.errors.retrying @ http://localhost:5173/src/i18n/context.tsx:52
[   15626ms] [WARNING] Translation key not found: opsV2.errors.retrying @ http://localhost:5173/src/i18n/context.tsx:52
[   18626ms] [WARNING] Translation key not found: opsV2.errors.apiError @ http://localhost:5173/src/i18n/context.tsx:52
[   18626ms] [WARNING] Translation key not found: opsV2.errors.retry @ http://localhost:5173/src/i18n/context.tsx:52
[   18626ms] [WARNING] Translation key not found: opsV2.errors.apiError @ http://localhost:5173/src/i18n/context.tsx:52
[   18626ms] [WARNING] Translation key not found: opsV2.errors.retry @ http://localhost:5173/src/i18n/context.tsx:52
[   18650ms] [WARNING] Translation key not found: opsV2.errors.apiError @ http://localhost:5173/src/i18n/context.tsx:52
[   18650ms] [WARNING] Translation key not found: opsV2.errors.retry @ http://localhost:5173/src/i18n/context.tsx:52
[   18651ms] [WARNING] Translation key not found: opsV2.errors.apiError @ http://localhost:5173/src/i18n/context.tsx:52
[   18651ms] [WARNING] Translation key not found: opsV2.errors.retry @ http://localhost:5173/src/i18n/context.tsx:52
[   18671ms] [WARNING] Translation key not found: opsV2.errors.retrying @ http://localhost:5173/src/i18n/context.tsx:52
[   18672ms] [WARNING] Translation key not found: opsV2.errors.retrying @ http://localhost:5173/src/i18n/context.tsx:52
[   21671ms] [WARNING] Translation key not found: opsV2.errors.apiError @ http://localhost:5173/src/i18n/context.tsx:52
[   21671ms] [WARNING] Translation key not found: opsV2.errors.retry @ http://localhost:5173/src/i18n/context.tsx:52
[   21672ms] [WARNING] Translation key not found: opsV2.errors.apiError @ http://localhost:5173/src/i18n/context.tsx:52
[   21672ms] [WARNING] Translation key not found: opsV2.errors.retry @ http://localhost:5173/src/i18n/context.tsx:52
[   21692ms] [WARNING] Translation key not found: opsV2.errors.apiError @ http://localhost:5173/src/i18n/context.tsx:52
[   21693ms] [WARNING] Translation key not found: opsV2.errors.retry @ http://localhost:5173/src/i18n/context.tsx:52
[   21693ms] [WARNING] Translation key not found: opsV2.errors.apiError @ http://localhost:5173/src/i18n/context.tsx:52
[   21693ms] [WARNING] Translation key not found: opsV2.errors.retry @ http://localhost:5173/src/i18n/context.tsx:52
[   21714ms] [WARNING] Translation key not found: opsV2.errors.retrying @ http://localhost:5173/src/i18n/context.tsx:52
[   21714ms] [WARNING] Translation key not found: opsV2.errors.retrying @ http://localhost:5173/src/i18n/context.tsx:52
[   23762ms] [WARNING] Translation key not found: opsV2.errors.retrying @ http://localhost:5173/src/i18n/context.tsx:52
[   23762ms] [WARNING] Translation key not found: opsV2.errors.retrying @ http://localhost:5173/src/i18n/context.tsx:52
[   24168ms] [ERROR] Invalid hook call. Hooks can only be called inside of the body of a function component. This could happen for one of the following reasons:
1. You might have mismatching versions of React and the renderer (such as React DOM)
2. You might be breaking the Rules of Hooks
3. You might have more than one copy of React in the same app
See https://react.dev/link/invalid-hook-call for tips about how to debug and fix this problem. @ http://localhost:5173/node_modules/.vite/deps/chunk-6KCF6AHO.js?v=83cbdf31:391
[   24170ms] [ERROR] Invalid hook call. Hooks can only be called inside of the body of a function component. This could happen for one of the following reasons:
1. You might have mismatching versions of React and the renderer (such as React DOM)
2. You might be breaking the Rules of Hooks
3. You might have more than one copy of React in the same app
See https://react.dev/link/invalid-hook-call for tips about how to debug and fix this problem. @ http://localhost:5173/node_modules/.vite/deps/chunk-6KCF6AHO.js?v=83cbdf31:391
[   24171ms] [ERROR] %o

%s

%s
 TypeError: Cannot read properties of null (reading 'useState')
    at exports.useState (http://localhost:5173/node_modules/.vite/deps/chunk-6KCF6AHO.js?v=83cbdf31:959:35)
    at useNodesState (http://localhost:5173/node_modules/.vite/deps/@xyflow_react.js?v=f54351ba:9179:56)
    at DependencyGraph (http://localhost:5173/src/components/ops/v2/DependencyGraph.tsx:66:44)
    at Object.react_stack_bottom_frame (http://localhost:5173/node_modules/.vite/deps/react-dom_client.js?v=4031c4db:18509:20)
    at renderWithHooks (http://localhost:5173/node_modules/.vite/deps/react-dom_client.js?v=4031c4db:5654:24)
    at updateFunctionComponent (http://localhost:5173/node_modules/.vite/deps/react-dom_client.js?v=4031c4db:7475:21)
    at beginWork (http://localhost:5173/node_modules/.vite/deps/react-dom_client.js?v=4031c4db:8484:199)
    at runWithFiberInDEV (http://localhost:5173/node_modules/.vite/deps/react-dom_client.js?v=4031c4db:997:72)
    at performUnitOfWork (http://localhost:5173/node_modules/.vite/deps/react-dom_client.js?v=4031c4db:12561:98)
    at workLoopSync (http://localhost:5173/node_modules/.vite/deps/react-dom_client.js?v=4031c4db:12424:43) The above error occurred in the <DependencyGraph> component. React will try to recreate this component tree from scratch using the error boundary you provided, ErrorBoundary. @ http://localhost:5173/node_modules/.vite/deps/react-dom_client.js?v=4031c4db:7000
[   24172ms] [ERROR] Uncaught error: TypeError: Cannot read properties of null (reading 'useState')
    at exports.useState (http://localhost:5173/node_modules/.vite/deps/chunk-6KCF6AHO.js?v=83cbdf31:959:35)
    at useNodesState (http://localhost:5173/node_modules/.vite/deps/@xyflow_react.js?v=f54351ba:9179:56)
    at DependencyGraph (http://localhost:5173/src/components/ops/v2/DependencyGraph.tsx:66:44)
    at Object.react_stack_bottom_frame (http://localhost:5173/node_modules/.vite/deps/react-dom_client.js?v=4031c4db:18509:20)
    at renderWithHooks (http://localhost:5173/node_modules/.vite/deps/react-dom_client.js?v=4031c4db:5654:24)
    at updateFunctionComponent (http://localhost:5173/node_modules/.vite/deps/react-dom_client.js?v=4031c4db:7475:21)
    at beginWork (http://localhost:5173/node_modules/.vite/deps/react-dom_client.js?v=4031c4db:8484:199)
    at runWithFiberInDEV (http://localhost:5173/node_modules/.vite/deps/react-dom_client.js?v=4031c4db:997:72)
    at performUnitOfWork (http://localhost:5173/node_modules/.vite/deps/react-dom_client.js?v=4031c4db:12561:98)
    at workLoopSync (http://localhost:5173/node_modules/.vite/deps/react-dom_client.js?v=4031c4db:12424:43) {componentStack: 
    at DependencyGraph (http://localhost:5173/src…/i18n/context.tsx:27:36)
    at App (<anonymous>)} @ http://localhost:5173/src/App.tsx:45
[   24958ms] [INFO] %cDownload the React DevTools for a better development experience: https://react.dev/link/react-devtools font-weight:bold @ http://localhost:5173/node_modules/.vite/deps/react-dom_client.js?v=83cbdf31:20102
[   25095ms] [ERROR] Failed to load resource: the server responded with a status of 500 (Internal Server Error) @ http://localhost:5173/health:0
[   25101ms] [WARNING] Translation key not found: opsV2.errors.apiError @ http://localhost:5173/src/i18n/context.tsx:52
[   25101ms] [WARNING] Translation key not found: opsV2.errors.retry @ http://localhost:5173/src/i18n/context.tsx:52
[   25102ms] [WARNING] Translation key not found: opsV2.errors.apiError @ http://localhost:5173/src/i18n/context.tsx:52
[   25102ms] [WARNING] Translation key not found: opsV2.errors.retry @ http://localhost:5173/src/i18n/context.tsx:52
[   25125ms] [ERROR] Failed to load resource: the server responded with a status of 500 (Internal Server Error) @ http://localhost:5173/health:0
[   25129ms] [WARNING] Translation key not found: opsV2.errors.apiError @ http://localhost:5173/src/i18n/context.tsx:52
[   25129ms] [WARNING] Translation key not found: opsV2.errors.retry @ http://localhost:5173/src/i18n/context.tsx:52
[   25130ms] [WARNING] Translation key not found: opsV2.errors.apiError @ http://localhost:5173/src/i18n/context.tsx:52
[   25130ms] [WARNING] Translation key not found: opsV2.errors.retry @ http://localhost:5173/src/i18n/context.tsx:52
[   25156ms] [WARNING] Translation key not found: opsV2.errors.retrying @ http://localhost:5173/src/i18n/context.tsx:52
[   25156ms] [WARNING] Translation key not found: opsV2.errors.retrying @ http://localhost:5173/src/i18n/context.tsx:52
[   25182ms] [ERROR] Failed to load projects for ApprovalDialog TypeError: Cannot read properties of undefined (reading 'map')
    at listProjects (http://localhost:5173/src/lib/api/projects.ts:64:24)
    at async initProjects (http://localhost:5173/src/components/agent/ApprovalDialog.tsx:41:23) @ http://localhost:5173/src/components/agent/ApprovalDialog.tsx:47
[   25183ms] [ERROR] Failed to load projects for ApprovalDialog TypeError: Cannot read properties of undefined (reading 'map')
    at listProjects (http://localhost:5173/src/lib/api/projects.ts:64:24)
    at async initProjects (http://localhost:5173/src/components/agent/ApprovalDialog.tsx:41:23) @ http://localhost:5173/src/components/agent/ApprovalDialog.tsx:47
[   25190ms] [WARNING] Translation key not found: opsV2.errors.retrying @ http://localhost:5173/src/i18n/context.tsx:52
[   25190ms] [WARNING] Translation key not found: opsV2.errors.retrying @ http://localhost:5173/src/i18n/context.tsx:52
[   25221ms] [WARNING] Translation key not found: opsV2.errors.apiError @ http://localhost:5173/src/i18n/context.tsx:52
[   25221ms] [WARNING] Translation key not found: opsV2.errors.retry @ http://localhost:5173/src/i18n/context.tsx:52
[   25222ms] [WARNING] Translation key not found: opsV2.errors.apiError @ http://localhost:5173/src/i18n/context.tsx:52
[   25222ms] [WARNING] Translation key not found: opsV2.errors.retry @ http://localhost:5173/src/i18n/context.tsx:52
[   25242ms] [WARNING] Translation key not found: opsV2.errors.retrying @ http://localhost:5173/src/i18n/context.tsx:52
[   25242ms] [WARNING] Translation key not found: opsV2.errors.retrying @ http://localhost:5173/src/i18n/context.tsx:52
[   28156ms] [WARNING] Translation key not found: opsV2.errors.apiError @ http://localhost:5173/src/i18n/context.tsx:52
[   28156ms] [WARNING] Translation key not found: opsV2.errors.retry @ http://localhost:5173/src/i18n/context.tsx:52
[   28157ms] [WARNING] Translation key not found: opsV2.errors.apiError @ http://localhost:5173/src/i18n/context.tsx:52
[   28157ms] [WARNING] Translation key not found: opsV2.errors.retry @ http://localhost:5173/src/i18n/context.tsx:52
[   28177ms] [WARNING] Translation key not found: opsV2.errors.apiError @ http://localhost:5173/src/i18n/context.tsx:52
[   28177ms] [WARNING] Translation key not found: opsV2.errors.retry @ http://localhost:5173/src/i18n/context.tsx:52
[   28177ms] [WARNING] Translation key not found: opsV2.errors.apiError @ http://localhost:5173/src/i18n/context.tsx:52
[   28177ms] [WARNING] Translation key not found: opsV2.errors.retry @ http://localhost:5173/src/i18n/context.tsx:52
[   28201ms] [WARNING] Translation key not found: opsV2.errors.retrying @ http://localhost:5173/src/i18n/context.tsx:52
[   28201ms] [WARNING] Translation key not found: opsV2.errors.retrying @ http://localhost:5173/src/i18n/context.tsx:52
[   28242ms] [WARNING] Translation key not found: opsV2.errors.apiError @ http://localhost:5173/src/i18n/context.tsx:52
[   28242ms] [WARNING] Translation key not found: opsV2.errors.retry @ http://localhost:5173/src/i18n/context.tsx:52
[   28243ms] [WARNING] Translation key not found: opsV2.errors.apiError @ http://localhost:5173/src/i18n/context.tsx:52
[   28243ms] [WARNING] Translation key not found: opsV2.errors.retry @ http://localhost:5173/src/i18n/context.tsx:52
[   28266ms] [WARNING] Translation key not found: opsV2.errors.apiError @ http://localhost:5173/src/i18n/context.tsx:52
[   28266ms] [WARNING] Translation key not found: opsV2.errors.retry @ http://localhost:5173/src/i18n/context.tsx:52
[   28266ms] [WARNING] Translation key not found: opsV2.errors.apiError @ http://localhost:5173/src/i18n/context.tsx:52
[   28266ms] [WARNING] Translation key not found: opsV2.errors.retry @ http://localhost:5173/src/i18n/context.tsx:52
[   28288ms] [WARNING] Translation key not found: opsV2.errors.retrying @ http://localhost:5173/src/i18n/context.tsx:52
[   28288ms] [WARNING] Translation key not found: opsV2.errors.retrying @ http://localhost:5173/src/i18n/context.tsx:52
[   31201ms] [WARNING] Translation key not found: opsV2.errors.apiError @ http://localhost:5173/src/i18n/context.tsx:52
[   31201ms] [WARNING] Translation key not found: opsV2.errors.retry @ http://localhost:5173/src/i18n/context.tsx:52
[   31202ms] [WARNING] Translation key not found: opsV2.errors.apiError @ http://localhost:5173/src/i18n/context.tsx:52
[   31202ms] [WARNING] Translation key not found: opsV2.errors.retry @ http://localhost:5173/src/i18n/context.tsx:52
[   31221ms] [WARNING] Translation key not found: opsV2.errors.apiError @ http://localhost:5173/src/i18n/context.tsx:52
[   31221ms] [WARNING] Translation key not found: opsV2.errors.retry @ http://localhost:5173/src/i18n/context.tsx:52
[   31221ms] [WARNING] Translation key not found: opsV2.errors.apiError @ http://localhost:5173/src/i18n/context.tsx:52
[   31221ms] [WARNING] Translation key not found: opsV2.errors.retry @ http://localhost:5173/src/i18n/context.tsx:52
[   31242ms] [WARNING] Translation key not found: opsV2.errors.retrying @ http://localhost:5173/src/i18n/context.tsx:52
[   31243ms] [WARNING] Translation key not found: opsV2.errors.retrying @ http://localhost:5173/src/i18n/context.tsx:52
[   31287ms] [WARNING] Translation key not found: opsV2.errors.apiError @ http://localhost:5173/src/i18n/context.tsx:52
[   31287ms] [WARNING] Translation key not found: opsV2.errors.retry @ http://localhost:5173/src/i18n/context.tsx:52
[   31287ms] [WARNING] Translation key not found: opsV2.errors.apiError @ http://localhost:5173/src/i18n/context.tsx:52
[   31288ms] [WARNING] Translation key not found: opsV2.errors.retry @ http://localhost:5173/src/i18n/context.tsx:52
[   31308ms] [WARNING] Translation key not found: opsV2.errors.apiError @ http://localhost:5173/src/i18n/context.tsx:52
[   31308ms] [WARNING] Translation key not found: opsV2.errors.retry @ http://localhost:5173/src/i18n/context.tsx:52
[   31309ms] [WARNING] Translation key not found: opsV2.errors.apiError @ http://localhost:5173/src/i18n/context.tsx:52
[   31309ms] [WARNING] Translation key not found: opsV2.errors.retry @ http://localhost:5173/src/i18n/context.tsx:52
[   31331ms] [WARNING] Translation key not found: opsV2.errors.retrying @ http://localhost:5173/src/i18n/context.tsx:52
[   31331ms] [WARNING] Translation key not found: opsV2.errors.retrying @ http://localhost:5173/src/i18n/context.tsx:52
[   34243ms] [WARNING] Translation key not found: opsV2.errors.apiError @ http://localhost:5173/src/i18n/context.tsx:52
[   34243ms] [WARNING] Translation key not found: opsV2.errors.retry @ http://localhost:5173/src/i18n/context.tsx:52
[   34243ms] [WARNING] Translation key not found: opsV2.errors.apiError @ http://localhost:5173/src/i18n/context.tsx:52
[   34243ms] [WARNING] Translation key not found: opsV2.errors.retry @ http://localhost:5173/src/i18n/context.tsx:52
[   34265ms] [WARNING] Translation key not found: opsV2.errors.apiError @ http://localhost:5173/src/i18n/context.tsx:52
[   34265ms] [WARNING] Translation key not found: opsV2.errors.retry @ http://localhost:5173/src/i18n/context.tsx:52
[   34266ms] [WARNING] Translation key not found: opsV2.errors.apiError @ http://localhost:5173/src/i18n/context.tsx:52
[   34266ms] [WARNING] Translation key not found: opsV2.errors.retry @ http://localhost:5173/src/i18n/context.tsx:52
[   34290ms] [WARNING] Translation key not found: opsV2.errors.retrying @ http://localhost:5173/src/i18n/context.tsx:52
[   34290ms] [WARNING] Translation key not found: opsV2.errors.retrying @ http://localhost:5173/src/i18n/context.tsx:52
[   34329ms] [WARNING] Translation key not found: opsV2.errors.apiError @ http://localhost:5173/src/i18n/context.tsx:52
[   34330ms] [WARNING] Translation key not found: opsV2.errors.retry @ http://localhost:5173/src/i18n/context.tsx:52
[   34330ms] [WARNING] Translation key not found: opsV2.errors.apiError @ http://localhost:5173/src/i18n/context.tsx:52
[   34330ms] [WARNING] Translation key not found: opsV2.errors.retry @ http://localhost:5173/src/i18n/context.tsx:52
[   34352ms] [WARNING] Translation key not found: opsV2.errors.apiError @ http://localhost:5173/src/i18n/context.tsx:52
[   34353ms] [WARNING] Translation key not found: opsV2.errors.retry @ http://localhost:5173/src/i18n/context.tsx:52
[   34353ms] [WARNING] Translation key not found: opsV2.errors.apiError @ http://localhost:5173/src/i18n/context.tsx:52
[   34353ms] [WARNING] Translation key not found: opsV2.errors.retry @ http://localhost:5173/src/i18n/context.tsx:52
[   34373ms] [WARNING] Translation key not found: opsV2.errors.retrying @ http://localhost:5173/src/i18n/context.tsx:52
[   34374ms] [WARNING] Translation key not found: opsV2.errors.retrying @ http://localhost:5173/src/i18n/context.tsx:52
[   37290ms] [WARNING] Translation key not found: opsV2.errors.apiError @ http://localhost:5173/src/i18n/context.tsx:52
[   37290ms] [WARNING] Translation key not found: opsV2.errors.retry @ http://localhost:5173/src/i18n/context.tsx:52
[   37291ms] [WARNING] Translation key not found: opsV2.errors.apiError @ http://localhost:5173/src/i18n/context.tsx:52
[   37291ms] [WARNING] Translation key not found: opsV2.errors.retry @ http://localhost:5173/src/i18n/context.tsx:52
[   37311ms] [WARNING] Translation key not found: opsV2.errors.apiError @ http://localhost:5173/src/i18n/context.tsx:52
[   37311ms] [WARNING] Translation key not found: opsV2.errors.retry @ http://localhost:5173/src/i18n/context.tsx:52
[   37312ms] [WARNING] Translation key not found: opsV2.errors.apiError @ http://localhost:5173/src/i18n/context.tsx:52
[   37312ms] [WARNING] Translation key not found: opsV2.errors.retry @ http://localhost:5173/src/i18n/context.tsx:52
[   37336ms] [WARNING] Translation key not found: opsV2.errors.retrying @ http://localhost:5173/src/i18n/context.tsx:52
[   37336ms] [WARNING] Translation key not found: opsV2.errors.retrying @ http://localhost:5173/src/i18n/context.tsx:52
[   37373ms] [WARNING] Translation key not found: opsV2.errors.apiError @ http://localhost:5173/src/i18n/context.tsx:52
[   37373ms] [WARNING] Translation key not found: opsV2.errors.retry @ http://localhost:5173/src/i18n/context.tsx:52
[   37373ms] [WARNING] Translation key not found: opsV2.errors.apiError @ http://localhost:5173/src/i18n/context.tsx:52
[   37373ms] [WARNING] Translation key not found: opsV2.errors.retry @ http://localhost:5173/src/i18n/context.tsx:52
[   37395ms] [WARNING] Translation key not found: opsV2.errors.apiError @ http://localhost:5173/src/i18n/context.tsx:52
[   37395ms] [WARNING] Translation key not found: opsV2.errors.retry @ http://localhost:5173/src/i18n/context.tsx:52
[   37396ms] [WARNING] Translation key not found: opsV2.errors.apiError @ http://localhost:5173/src/i18n/context.tsx:52
[   37396ms] [WARNING] Translation key not found: opsV2.errors.retry @ http://localhost:5173/src/i18n/context.tsx:52
[   37417ms] [WARNING] Translation key not found: opsV2.errors.retrying @ http://localhost:5173/src/i18n/context.tsx:52
[   37417ms] [WARNING] Translation key not found: opsV2.errors.retrying @ http://localhost:5173/src/i18n/context.tsx:52
[   40336ms] [WARNING] Translation key not found: opsV2.errors.apiError @ http://localhost:5173/src/i18n/context.tsx:52
[   40336ms] [WARNING] Translation key not found: opsV2.errors.retry @ http://localhost:5173/src/i18n/context.tsx:52
[   40336ms] [WARNING] Translation key not found: opsV2.errors.apiError @ http://localhost:5173/src/i18n/context.tsx:52
[   40336ms] [WARNING] Translation key not found: opsV2.errors.retry @ http://localhost:5173/src/i18n/context.tsx:52
[   40358ms] [WARNING] Translation key not found: opsV2.errors.apiError @ http://localhost:5173/src/i18n/context.tsx:52
[   40358ms] [WARNING] Translation key not found: opsV2.errors.retry @ http://localhost:5173/src/i18n/context.tsx:52
[   40358ms] [WARNING] Translation key not found: opsV2.errors.apiError @ http://localhost:5173/src/i18n/context.tsx:52
[   40358ms] [WARNING] Translation key not found: opsV2.errors.retry @ http://localhost:5173/src/i18n/context.tsx:52
[   40382ms] [WARNING] Translation key not found: opsV2.errors.retrying @ http://localhost:5173/src/i18n/context.tsx:52
[   40383ms] [WARNING] Translation key not found: opsV2.errors.retrying @ http://localhost:5173/src/i18n/context.tsx:52
[   40416ms] [WARNING] Translation key not found: opsV2.errors.apiError @ http://localhost:5173/src/i18n/context.tsx:52
[   40416ms] [WARNING] Translation key not found: opsV2.errors.retry @ http://localhost:5173/src/i18n/context.tsx:52
[   40417ms] [WARNING] Translation key not found: opsV2.errors.apiError @ http://localhost:5173/src/i18n/context.tsx:52
[   40417ms] [WARNING] Translation key not found: opsV2.errors.retry @ http://localhost:5173/src/i18n/context.tsx:52
[   40440ms] [WARNING] Translation key not found: opsV2.errors.apiError @ http://localhost:5173/src/i18n/context.tsx:52
[   40440ms] [WARNING] Translation key not found: opsV2.errors.retry @ http://localhost:5173/src/i18n/context.tsx:52
[   40441ms] [WARNING] Translation key not found: opsV2.errors.apiError @ http://localhost:5173/src/i18n/context.tsx:52
[   40441ms] [WARNING] Translation key not found: opsV2.errors.retry @ http://localhost:5173/src/i18n/context.tsx:52
[   40460ms] [WARNING] Translation key not found: opsV2.errors.retrying @ http://localhost:5173/src/i18n/context.tsx:52
[   40461ms] [WARNING] Translation key not found: opsV2.errors.retrying @ http://localhost:5173/src/i18n/context.tsx:52
[   43383ms] [WARNING] Translation key not found: opsV2.errors.apiError @ http://localhost:5173/src/i18n/context.tsx:52
[   43383ms] [WARNING] Translation key not found: opsV2.errors.retry @ http://localhost:5173/src/i18n/context.tsx:52
[   43383ms] [WARNING] Translation key not found: opsV2.errors.apiError @ http://localhost:5173/src/i18n/context.tsx:52
[   43383ms] [WARNING] Translation key not found: opsV2.errors.retry @ http://localhost:5173/src/i18n/context.tsx:52
[   43402ms] [WARNING] Translation key not found: opsV2.errors.apiError @ http://localhost:5173/src/i18n/context.tsx:52
[   43402ms] [WARNING] Translation key not found: opsV2.errors.retry @ http://localhost:5173/src/i18n/context.tsx:52
[   43403ms] [WARNING] Translation key not found: opsV2.errors.apiError @ http://localhost:5173/src/i18n/context.tsx:52
[   43403ms] [WARNING] Translation key not found: opsV2.errors.retry @ http://localhost:5173/src/i18n/context.tsx:52
[   43427ms] [WARNING] Translation key not found: opsV2.errors.retrying @ http://localhost:5173/src/i18n/context.tsx:52
[   43427ms] [WARNING] Translation key not found: opsV2.errors.retrying @ http://localhost:5173/src/i18n/context.tsx:52
[   43460ms] [WARNING] Translation key not found: opsV2.errors.apiError @ http://localhost:5173/src/i18n/context.tsx:52
[   43460ms] [WARNING] Translation key not found: opsV2.errors.retry @ http://localhost:5173/src/i18n/context.tsx:52
[   43460ms] [WARNING] Translation key not found: opsV2.errors.apiError @ http://localhost:5173/src/i18n/context.tsx:52
[   43460ms] [WARNING] Translation key not found: opsV2.errors.retry @ http://localhost:5173/src/i18n/context.tsx:52
[   43482ms] [WARNING] Translation key not found: opsV2.errors.apiError @ http://localhost:5173/src/i18n/context.tsx:52
[   43482ms] [WARNING] Translation key not found: opsV2.errors.retry @ http://localhost:5173/src/i18n/context.tsx:52
[   43482ms] [WARNING] Translation key not found: opsV2.errors.apiError @ http://localhost:5173/src/i18n/context.tsx:52
[   43482ms] [WARNING] Translation key not found: opsV2.errors.retry @ http://localhost:5173/src/i18n/context.tsx:52
[   43502ms] [WARNING] Translation key not found: opsV2.errors.retrying @ http://localhost:5173/src/i18n/context.tsx:52
[   43502ms] [WARNING] Translation key not found: opsV2.errors.retrying @ http://localhost:5173/src/i18n/context.tsx:52
[   46427ms] [WARNING] Translation key not found: opsV2.errors.apiError @ http://localhost:5173/src/i18n/context.tsx:52
[   46427ms] [WARNING] Translation key not found: opsV2.errors.retry @ http://localhost:5173/src/i18n/context.tsx:52
[   46427ms] [WARNING] Translation key not found: opsV2.errors.apiError @ http://localhost:5173/src/i18n/context.tsx:52
[   46428ms] [WARNING] Translation key not found: opsV2.errors.retry @ http://localhost:5173/src/i18n/context.tsx:52
[   46448ms] [WARNING] Translation key not found: opsV2.errors.apiError @ http://localhost:5173/src/i18n/context.tsx:52
[   46448ms] [WARNING] Translation key not found: opsV2.errors.retry @ http://localhost:5173/src/i18n/context.tsx:52
[   46449ms] [WARNING] Translation key not found: opsV2.errors.apiError @ http://localhost:5173/src/i18n/context.tsx:52
[   46449ms] [WARNING] Translation key not found: opsV2.errors.retry @ http://localhost:5173/src/i18n/context.tsx:52
[   46472ms] [WARNING] Translation key not found: opsV2.errors.retrying @ http://localhost:5173/src/i18n/context.tsx:52
[   46472ms] [WARNING] Translation key not found: opsV2.errors.retrying @ http://localhost:5173/src/i18n/context.tsx:52
[   46502ms] [WARNING] Translation key not found: opsV2.errors.apiError @ http://localhost:5173/src/i18n/context.tsx:52
[   46502ms] [WARNING] Translation key not found: opsV2.errors.retry @ http://localhost:5173/src/i18n/context.tsx:52
[   46502ms] [WARNING] Translation key not found: opsV2.errors.apiError @ http://localhost:5173/src/i18n/context.tsx:52
[   46502ms] [WARNING] Translation key not found: opsV2.errors.retry @ http://localhost:5173/src/i18n/context.tsx:52
[   46523ms] [WARNING] Translation key not found: opsV2.errors.apiError @ http://localhost:5173/src/i18n/context.tsx:52
[   46523ms] [WARNING] Translation key not found: opsV2.errors.retry @ http://localhost:5173/src/i18n/context.tsx:52
[   46524ms] [WARNING] Translation key not found: opsV2.errors.apiError @ http://localhost:5173/src/i18n/context.tsx:52
[   46524ms] [WARNING] Translation key not found: opsV2.errors.retry @ http://localhost:5173/src/i18n/context.tsx:52
[   46542ms] [WARNING] Translation key not found: opsV2.errors.retrying @ http://localhost:5173/src/i18n/context.tsx:52
[   46543ms] [WARNING] Translation key not found: opsV2.errors.retrying @ http://localhost:5173/src/i18n/context.tsx:52
[   49472ms] [WARNING] Translation key not found: opsV2.errors.apiError @ http://localhost:5173/src/i18n/context.tsx:52
[   49472ms] [WARNING] Translation key not found: opsV2.errors.retry @ http://localhost:5173/src/i18n/context.tsx:52
[   49473ms] [WARNING] Translation key not found: opsV2.errors.apiError @ http://localhost:5173/src/i18n/context.tsx:52
[   49473ms] [WARNING] Translation key not found: opsV2.errors.retry @ http://localhost:5173/src/i18n/context.tsx:52
[   49493ms] [WARNING] Translation key not found: opsV2.errors.apiError @ http://localhost:5173/src/i18n/context.tsx:52
[   49493ms] [WARNING] Translation key not found: opsV2.errors.retry @ http://localhost:5173/src/i18n/context.tsx:52
[   49493ms] [WARNING] Translation key not found: opsV2.errors.apiError @ http://localhost:5173/src/i18n/context.tsx:52
[   49493ms] [WARNING] Translation key not found: opsV2.errors.retry @ http://localhost:5173/src/i18n/context.tsx:52
[   49517ms] [WARNING] Translation key not found: opsV2.errors.retrying @ http://localhost:5173/src/i18n/context.tsx:52
[   49518ms] [WARNING] Translation key not found: opsV2.errors.retrying @ http://localhost:5173/src/i18n/context.tsx:52
[   49542ms] [WARNING] Translation key not found: opsV2.errors.apiError @ http://localhost:5173/src/i18n/context.tsx:52
[   49542ms] [WARNING] Translation key not found: opsV2.errors.retry @ http://localhost:5173/src/i18n/context.tsx:52
[   49542ms] [WARNING] Translation key not found: opsV2.errors.apiError @ http://localhost:5173/src/i18n/context.tsx:52
[   49543ms] [WARNING] Translation key not found: opsV2.errors.retry @ http://localhost:5173/src/i18n/context.tsx:52
[   49570ms] [WARNING] Translation key not found: opsV2.errors.apiError @ http://localhost:5173/src/i18n/context.tsx:52
[   49571ms] [WARNING] Translation key not found: opsV2.errors.retry @ http://localhost:5173/src/i18n/context.tsx:52
[   49571ms] [WARNING] Translation key not found: opsV2.errors.apiError @ http://localhost:5173/src/i18n/context.tsx:52
[   49571ms] [WARNING] Translation key not found: opsV2.errors.retry @ http://localhost:5173/src/i18n/context.tsx:52
[   49590ms] [WARNING] Translation key not found: opsV2.errors.retrying @ http://localhost:5173/src/i18n/context.tsx:52
[   49591ms] [WARNING] Translation key not found: opsV2.errors.retrying @ http://localhost:5173/src/i18n/context.tsx:52
[   52234ms] [WARNING] Translation key not found: opsV2.errors.retrying @ http://localhost:5173/src/i18n/context.tsx:52
[   52235ms] [WARNING] Translation key not found: opsV2.errors.retrying @ http://localhost:5173/src/i18n/context.tsx:52
[   52518ms] [WARNING] Translation key not found: opsV2.errors.apiError @ http://localhost:5173/src/i18n/context.tsx:52
[   52518ms] [WARNING] Translation key not found: opsV2.errors.retry @ http://localhost:5173/src/i18n/context.tsx:52
[   52518ms] [WARNING] Translation key not found: opsV2.errors.apiError @ http://localhost:5173/src/i18n/context.tsx:52
[   52519ms] [WARNING] Translation key not found: opsV2.errors.retry @ http://localhost:5173/src/i18n/context.tsx:52
[   52527ms] [WARNING] Translation key not found: opsV2.errors.apiError @ http://localhost:5173/src/i18n/context.tsx:52
[   52527ms] [WARNING] Translation key not found: opsV2.errors.retry @ http://localhost:5173/src/i18n/context.tsx:52
[   52527ms] [WARNING] Translation key not found: opsV2.errors.apiError @ http://localhost:5173/src/i18n/context.tsx:52
[   52527ms] [WARNING] Translation key not found: opsV2.errors.retry @ http://localhost:5173/src/i18n/context.tsx:52
[   52535ms] [WARNING] Translation key not found: opsV2.errors.retrying @ http://localhost:5173/src/i18n/context.tsx:52
[   52536ms] [WARNING] Translation key not found: opsV2.errors.retrying @ http://localhost:5173/src/i18n/context.tsx:52
[   52590ms] [WARNING] Translation key not found: opsV2.errors.apiError @ http://localhost:5173/src/i18n/context.tsx:52
[   52590ms] [WARNING] Translation key not found: opsV2.errors.retry @ http://localhost:5173/src/i18n/context.tsx:52
[   52591ms] [WARNING] Translation key not found: opsV2.errors.apiError @ http://localhost:5173/src/i18n/context.tsx:52
[   52591ms] [WARNING] Translation key not found: opsV2.errors.retry @ http://localhost:5173/src/i18n/context.tsx:52
[   52598ms] [WARNING] Translation key not found: opsV2.errors.apiError @ http://localhost:5173/src/i18n/context.tsx:52
[   52598ms] [WARNING] Translation key not found: opsV2.errors.retry @ http://localhost:5173/src/i18n/context.tsx:52
[   52598ms] [WARNING] Translation key not found: opsV2.errors.apiError @ http://localhost:5173/src/i18n/context.tsx:52
[   52598ms] [WARNING] Translation key not found: opsV2.errors.retry @ http://localhost:5173/src/i18n/context.tsx:52
[   52607ms] [WARNING] Translation key not found: opsV2.errors.retrying @ http://localhost:5173/src/i18n/context.tsx:52
[   52607ms] [WARNING] Translation key not found: opsV2.errors.retrying @ http://localhost:5173/src/i18n/context.tsx:52
[   55536ms] [WARNING] Translation key not found: opsV2.errors.apiError @ http://localhost:5173/src/i18n/context.tsx:52
[   55536ms] [WARNING] Translation key not found: opsV2.errors.retry @ http://localhost:5173/src/i18n/context.tsx:52
[   55536ms] [WARNING] Translation key not found: opsV2.errors.apiError @ http://localhost:5173/src/i18n/context.tsx:52
[   55536ms] [WARNING] Translation key not found: opsV2.errors.retry @ http://localhost:5173/src/i18n/context.tsx:52
[   55543ms] [WARNING] Translation key not found: opsV2.errors.apiError @ http://localhost:5173/src/i18n/context.tsx:52
[   55543ms] [WARNING] Translation key not found: opsV2.errors.retry @ http://localhost:5173/src/i18n/context.tsx:52
[   55544ms] [WARNING] Translation key not found: opsV2.errors.apiError @ http://localhost:5173/src/i18n/context.tsx:52
[   55544ms] [WARNING] Translation key not found: opsV2.errors.retry @ http://localhost:5173/src/i18n/context.tsx:52
[   55553ms] [WARNING] Translation key not found: opsV2.errors.retrying @ http://localhost:5173/src/i18n/context.tsx:52
[   55554ms] [WARNING] Translation key not found: opsV2.errors.retrying @ http://localhost:5173/src/i18n/context.tsx:52
[   55606ms] [WARNING] Translation key not found: opsV2.errors.apiError @ http://localhost:5173/src/i18n/context.tsx:52
[   55606ms] [WARNING] Translation key not found: opsV2.errors.retry @ http://localhost:5173/src/i18n/context.tsx:52
[   55606ms] [WARNING] Translation key not found: opsV2.errors.apiError @ http://localhost:5173/src/i18n/context.tsx:52
[   55607ms] [WARNING] Translation key not found: opsV2.errors.retry @ http://localhost:5173/src/i18n/context.tsx:52
[   55615ms] [WARNING] Translation key not found: opsV2.errors.apiError @ http://localhost:5173/src/i18n/context.tsx:52
[   55615ms] [WARNING] Translation key not found: opsV2.errors.retry @ http://localhost:5173/src/i18n/context.tsx:52
[   55615ms] [WARNING] Translation key not found: opsV2.errors.apiError @ http://localhost:5173/src/i18n/context.tsx:52
[   55615ms] [WARNING] Translation key not found: opsV2.errors.retry @ http://localhost:5173/src/i18n/context.tsx:52
[   55622ms] [WARNING] Translation key not found: opsV2.errors.retrying @ http://localhost:5173/src/i18n/context.tsx:52
[   55623ms] [WARNING] Translation key not found: opsV2.errors.retrying @ http://localhost:5173/src/i18n/context.tsx:52
[   58554ms] [WARNING] Translation key not found: opsV2.errors.apiError @ http://localhost:5173/src/i18n/context.tsx:52
[   58554ms] [WARNING] Translation key not found: opsV2.errors.retry @ http://localhost:5173/src/i18n/context.tsx:52
[   58554ms] [WARNING] Translation key not found: opsV2.errors.apiError @ http://localhost:5173/src/i18n/context.tsx:52
[   58554ms] [WARNING] Translation key not found: opsV2.errors.retry @ http://localhost:5173/src/i18n/context.tsx:52
[   58560ms] [WARNING] Translation key not found: opsV2.errors.apiError @ http://localhost:5173/src/i18n/context.tsx:52
[   58560ms] [WARNING] Translation key not found: opsV2.errors.retry @ http://localhost:5173/src/i18n/context.tsx:52
[   58561ms] [WARNING] Translation key not found: opsV2.errors.apiError @ http://localhost:5173/src/i18n/context.tsx:52
[   58561ms] [WARNING] Translation key not found: opsV2.errors.retry @ http://localhost:5173/src/i18n/context.tsx:52
[   58568ms] [WARNING] Translation key not found: opsV2.errors.retrying @ http://localhost:5173/src/i18n/context.tsx:52
[   58569ms] [WARNING] Translation key not found: opsV2.errors.retrying @ http://localhost:5173/src/i18n/context.tsx:52
[   58621ms] [WARNING] Translation key not found: opsV2.errors.apiError @ http://localhost:5173/src/i18n/context.tsx:52
[   58621ms] [WARNING] Translation key not found: opsV2.errors.retry @ http://localhost:5173/src/i18n/context.tsx:52
[   58622ms] [WARNING] Translation key not found: opsV2.errors.apiError @ http://localhost:5173/src/i18n/context.tsx:52
[   58622ms] [WARNING] Translation key not found: opsV2.errors.retry @ http://localhost:5173/src/i18n/context.tsx:52
[   58629ms] [WARNING] Translation key not found: opsV2.errors.apiError @ http://localhost:5173/src/i18n/context.tsx:52
[   58629ms] [WARNING] Translation key not found: opsV2.errors.retry @ http://localhost:5173/src/i18n/context.tsx:52
[   58629ms] [WARNING] Translation key not found: opsV2.errors.apiError @ http://localhost:5173/src/i18n/context.tsx:52
[   58630ms] [WARNING] Translation key not found: opsV2.errors.retry @ http://localhost:5173/src/i18n/context.tsx:52
[   58638ms] [WARNING] Translation key not found: opsV2.errors.retrying @ http://localhost:5173/src/i18n/context.tsx:52
[   58638ms] [WARNING] Translation key not found: opsV2.errors.retrying @ http://localhost:5173/src/i18n/context.tsx:52
[   61569ms] [WARNING] Translation key not found: opsV2.errors.apiError @ http://localhost:5173/src/i18n/context.tsx:52
[   61569ms] [WARNING] Translation key not found: opsV2.errors.retry @ http://localhost:5173/src/i18n/context.tsx:52
[   61570ms] [WARNING] Translation key not found: opsV2.errors.apiError @ http://localhost:5173/src/i18n/context.tsx:52
[   61570ms] [WARNING] Translation key not found: opsV2.errors.retry @ http://localhost:5173/src/i18n/context.tsx:52
[   61576ms] [WARNING] Translation key not found: opsV2.errors.apiError @ http://localhost:5173/src/i18n/context.tsx:52
[   61576ms] [WARNING] Translation key not found: opsV2.errors.retry @ http://localhost:5173/src/i18n/context.tsx:52
[   61576ms] [WARNING] Translation key not found: opsV2.errors.apiError @ http://localhost:5173/src/i18n/context.tsx:52
[   61576ms] [WARNING] Translation key not found: opsV2.errors.retry @ http://localhost:5173/src/i18n/context.tsx:52
[   61584ms] [WARNING] Translation key not found: opsV2.errors.retrying @ http://localhost:5173/src/i18n/context.tsx:52
[   61584ms] [WARNING] Translation key not found: opsV2.errors.retrying @ http://localhost:5173/src/i18n/context.tsx:52
[   61637ms] [WARNING] Translation key not found: opsV2.errors.apiError @ http://localhost:5173/src/i18n/context.tsx:52
[   61637ms] [WARNING] Translation key not found: opsV2.errors.retry @ http://localhost:5173/src/i18n/context.tsx:52
[   61637ms] [WARNING] Translation key not found: opsV2.errors.apiError @ http://localhost:5173/src/i18n/context.tsx:52
[   61637ms] [WARNING] Translation key not found: opsV2.errors.retry @ http://localhost:5173/src/i18n/context.tsx:52
[   61643ms] [WARNING] Translation key not found: opsV2.errors.apiError @ http://localhost:5173/src/i18n/context.tsx:52
[   61643ms] [WARNING] Translation key not found: opsV2.errors.retry @ http://localhost:5173/src/i18n/context.tsx:52
[   61643ms] [WARNING] Translation key not found: opsV2.errors.apiError @ http://localhost:5173/src/i18n/context.tsx:52
[   61644ms] [WARNING] Translation key not found: opsV2.errors.retry @ http://localhost:5173/src/i18n/context.tsx:52
[   61651ms] [WARNING] Translation key not found: opsV2.errors.retrying @ http://localhost:5173/src/i18n/context.tsx:52
[   61651ms] [WARNING] Translation key not found: opsV2.errors.retrying @ http://localhost:5173/src/i18n/context.tsx:52
[   64584ms] [WARNING] Translation key not found: opsV2.errors.apiError @ http://localhost:5173/src/i18n/context.tsx:52
[   64585ms] [WARNING] Translation key not found: opsV2.errors.retry @ http://localhost:5173/src/i18n/context.tsx:52
[   64585ms] [WARNING] Translation key not found: opsV2.errors.apiError @ http://localhost:5173/src/i18n/context.tsx:52
[   64585ms] [WARNING] Translation key not found: opsV2.errors.retry @ http://localhost:5173/src/i18n/context.tsx:52
[   64591ms] [WARNING] Translation key not found: opsV2.errors.apiError @ http://localhost:5173/src/i18n/context.tsx:52
[   64591ms] [WARNING] Translation key not found: opsV2.errors.retry @ http://localhost:5173/src/i18n/context.tsx:52
[   64591ms] [WARNING] Translation key not found: opsV2.errors.apiError @ http://localhost:5173/src/i18n/context.tsx:52
[   64591ms] [WARNING] Translation key not found: opsV2.errors.retry @ http://localhost:5173/src/i18n/context.tsx:52
[   64596ms] [WARNING] Translation key not found: opsV2.errors.retrying @ http://localhost:5173/src/i18n/context.tsx:52
[   64597ms] [WARNING] Translation key not found: opsV2.errors.retrying @ http://localhost:5173/src/i18n/context.tsx:52
[   64649ms] [WARNING] Translation key not found: opsV2.errors.apiError @ http://localhost:5173/src/i18n/context.tsx:52
[   64649ms] [WARNING] Translation key not found: opsV2.errors.retry @ http://localhost:5173/src/i18n/context.tsx:52
[   64650ms] [WARNING] Translation key not found: opsV2.errors.apiError @ http://localhost:5173/src/i18n/context.tsx:52
[   64650ms] [WARNING] Translation key not found: opsV2.errors.retry @ http://localhost:5173/src/i18n/context.tsx:52
[   64655ms] [WARNING] Translation key not found: opsV2.errors.apiError @ http://localhost:5173/src/i18n/context.tsx:52
[   64655ms] [WARNING] Translation key not found: opsV2.errors.retry @ http://localhost:5173/src/i18n/context.tsx:52
[   64656ms] [WARNING] Translation key not found: opsV2.errors.apiError @ http://localhost:5173/src/i18n/context.tsx:52
[   64656ms] [WARNING] Translation key not found: opsV2.errors.retry @ http://localhost:5173/src/i18n/context.tsx:52
[   64661ms] [WARNING] Translation key not found: opsV2.errors.retrying @ http://localhost:5173/src/i18n/context.tsx:52
[   64661ms] [WARNING] Translation key not found: opsV2.errors.retrying @ http://localhost:5173/src/i18n/context.tsx:52
[   67597ms] [WARNING] Translation key not found: opsV2.errors.apiError @ http://localhost:5173/src/i18n/context.tsx:52
[   67597ms] [WARNING] Translation key not found: opsV2.errors.retry @ http://localhost:5173/src/i18n/context.tsx:52
[   67597ms] [WARNING] Translation key not found: opsV2.errors.apiError @ http://localhost:5173/src/i18n/context.tsx:52
[   67598ms] [WARNING] Translation key not found: opsV2.errors.retry @ http://localhost:5173/src/i18n/context.tsx:52
[   67603ms] [WARNING] Translation key not found: opsV2.errors.apiError @ http://localhost:5173/src/i18n/context.tsx:52
[   67604ms] [WARNING] Translation key not found: opsV2.errors.retry @ http://localhost:5173/src/i18n/context.tsx:52
[   67604ms] [WARNING] Translation key not found: opsV2.errors.apiError @ http://localhost:5173/src/i18n/context.tsx:52
[   67604ms] [WARNING] Translation key not found: opsV2.errors.retry @ http://localhost:5173/src/i18n/context.tsx:52
[   67609ms] [WARNING] Translation key not found: opsV2.errors.retrying @ http://localhost:5173/src/i18n/context.tsx:52
[   67610ms] [WARNING] Translation key not found: opsV2.errors.retrying @ http://localhost:5173/src/i18n/context.tsx:52
[   67661ms] [WARNING] Translation key not found: opsV2.errors.apiError @ http://localhost:5173/src/i18n/context.tsx:52
[   67661ms] [WARNING] Translation key not found: opsV2.errors.retry @ http://localhost:5173/src/i18n/context.tsx:52
[   67662ms] [WARNING] Translation key not found: opsV2.errors.apiError @ http://localhost:5173/src/i18n/context.tsx:52
[   67662ms] [WARNING] Translation key not found: opsV2.errors.retry @ http://localhost:5173/src/i18n/context.tsx:52
[   67667ms] [WARNING] Translation key not found: opsV2.errors.apiError @ http://localhost:5173/src/i18n/context.tsx:52
[   67667ms] [WARNING] Translation key not found: opsV2.errors.retry @ http://localhost:5173/src/i18n/context.tsx:52
[   67667ms] [WARNING] Translation key not found: opsV2.errors.apiError @ http://localhost:5173/src/i18n/context.tsx:52
[   67668ms] [WARNING] Translation key not found: opsV2.errors.retry @ http://localhost:5173/src/i18n/context.tsx:52
[   67672ms] [WARNING] Translation key not found: opsV2.errors.retrying @ http://localhost:5173/src/i18n/context.tsx:52
[   67673ms] [WARNING] Translation key not found: opsV2.errors.retrying @ http://localhost:5173/src/i18n/context.tsx:52
[   70610ms] [WARNING] Translation key not found: opsV2.errors.apiError @ http://localhost:5173/src/i18n/context.tsx:52
[   70610ms] [WARNING] Translation key not found: opsV2.errors.retry @ http://localhost:5173/src/i18n/context.tsx:52
[   70610ms] [WARNING] Translation key not found: opsV2.errors.apiError @ http://localhost:5173/src/i18n/context.tsx:52
[   70610ms] [WARNING] Translation key not found: opsV2.errors.retry @ http://localhost:5173/src/i18n/context.tsx:52
[   70617ms] [WARNING] Translation key not found: opsV2.errors.apiError @ http://localhost:5173/src/i18n/context.tsx:52
[   70617ms] [WARNING] Translation key not found: opsV2.errors.retry @ http://localhost:5173/src/i18n/context.tsx:52
[   70618ms] [WARNING] Translation key not found: opsV2.errors.apiError @ http://localhost:5173/src/i18n/context.tsx:52
[   70618ms] [WARNING] Translation key not found: opsV2.errors.retry @ http://localhost:5173/src/i18n/context.tsx:52
[   70623ms] [WARNING] Translation key not found: opsV2.errors.retrying @ http://localhost:5173/src/i18n/context.tsx:52
[   70623ms] [WARNING] Translation key not found: opsV2.errors.retrying @ http://localhost:5173/src/i18n/context.tsx:52
[   70673ms] [WARNING] Translation key not found: opsV2.errors.apiError @ http://localhost:5173/src/i18n/context.tsx:52
[   70673ms] [WARNING] Translation key not found: opsV2.errors.retry @ http://localhost:5173/src/i18n/context.tsx:52
[   70673ms] [WARNING] Translation key not found: opsV2.errors.apiError @ http://localhost:5173/src/i18n/context.tsx:52
[   70673ms] [WARNING] Translation key not found: opsV2.errors.retry @ http://localhost:5173/src/i18n/context.tsx:52
[   70679ms] [WARNING] Translation key not found: opsV2.errors.apiError @ http://localhost:5173/src/i18n/context.tsx:52
[   70679ms] [WARNING] Translation key not found: opsV2.errors.retry @ http://localhost:5173/src/i18n/context.tsx:52
[   70680ms] [WARNING] Translation key not found: opsV2.errors.apiError @ http://localhost:5173/src/i18n/context.tsx:52
[   70680ms] [WARNING] Translation key not found: opsV2.errors.retry @ http://localhost:5173/src/i18n/context.tsx:52
[   70687ms] [WARNING] Translation key not found: opsV2.errors.retrying @ http://localhost:5173/src/i18n/context.tsx:52
[   70687ms] [WARNING] Translation key not found: opsV2.errors.retrying @ http://localhost:5173/src/i18n/context.tsx:52
[   73623ms] [WARNING] Translation key not found: opsV2.errors.apiError @ http://localhost:5173/src/i18n/context.tsx:52
[   73624ms] [WARNING] Translation key not found: opsV2.errors.retry @ http://localhost:5173/src/i18n/context.tsx:52
[   73624ms] [WARNING] Translation key not found: opsV2.errors.apiError @ http://localhost:5173/src/i18n/context.tsx:52
[   73624ms] [WARNING] Translation key not found: opsV2.errors.retry @ http://localhost:5173/src/i18n/context.tsx:52
[   73630ms] [WARNING] Translation key not found: opsV2.errors.apiError @ http://localhost:5173/src/i18n/context.tsx:52
[   73630ms] [WARNING] Translation key not found: opsV2.errors.retry @ http://localhost:5173/src/i18n/context.tsx:52
[   73630ms] [WARNING] Translation key not found: opsV2.errors.apiError @ http://localhost:5173/src/i18n/context.tsx:52
[   73630ms] [WARNING] Translation key not found: opsV2.errors.retry @ http://localhost:5173/src/i18n/context.tsx:52
[   73637ms] [WARNING] Translation key not found: opsV2.errors.retrying @ http://localhost:5173/src/i18n/context.tsx:52
[   73638ms] [WARNING] Translation key not found: opsV2.errors.retrying @ http://localhost:5173/src/i18n/context.tsx:52
[   73685ms] [WARNING] Translation key not found: opsV2.errors.apiError @ http://localhost:5173/src/i18n/context.tsx:52
[   73686ms] [WARNING] Translation key not found: opsV2.errors.retry @ http://localhost:5173/src/i18n/context.tsx:52
[   73686ms] [WARNING] Translation key not found: opsV2.errors.apiError @ http://localhost:5173/src/i18n/context.tsx:52
[   73686ms] [WARNING] Translation key not found: opsV2.errors.retry @ http://localhost:5173/src/i18n/context.tsx:52
[   73691ms] [WARNING] Translation key not found: opsV2.errors.apiError @ http://localhost:5173/src/i18n/context.tsx:52
[   73691ms] [WARNING] Translation key not found: opsV2.errors.retry @ http://localhost:5173/src/i18n/context.tsx:52
[   73692ms] [WARNING] Translation key not found: opsV2.errors.apiError @ http://localhost:5173/src/i18n/context.tsx:52
[   73692ms] [WARNING] Translation key not found: opsV2.errors.retry @ http://localhost:5173/src/i18n/context.tsx:52
[   73697ms] [WARNING] Translation key not found: opsV2.errors.retrying @ http://localhost:5173/src/i18n/context.tsx:52
[   73697ms] [WARNING] Translation key not found: opsV2.errors.retrying @ http://localhost:5173/src/i18n/context.tsx:52
[   76638ms] [WARNING] Translation key not found: opsV2.errors.apiError @ http://localhost:5173/src/i18n/context.tsx:52
[   76638ms] [WARNING] Translation key not found: opsV2.errors.retry @ http://localhost:5173/src/i18n/context.tsx:52
[   76638ms] [WARNING] Translation key not found: opsV2.errors.apiError @ http://localhost:5173/src/i18n/context.tsx:52
[   76639ms] [WARNING] Translation key not found: opsV2.errors.retry @ http://localhost:5173/src/i18n/context.tsx:52
[   76644ms] [WARNING] Translation key not found: opsV2.errors.apiError @ http://localhost:5173/src/i18n/context.tsx:52
[   76644ms] [WARNING] Translation key not found: opsV2.errors.retry @ http://localhost:5173/src/i18n/context.tsx:52
[   76645ms] [WARNING] Translation key not found: opsV2.errors.apiError @ http://localhost:5173/src/i18n/context.tsx:52
[   76645ms] [WARNING] Translation key not found: opsV2.errors.retry @ http://localhost:5173/src/i18n/context.tsx:52
[   76651ms] [WARNING] Translation key not found: opsV2.errors.retrying @ http://localhost:5173/src/i18n/context.tsx:52
[   76652ms] [WARNING] Translation key not found: opsV2.errors.retrying @ http://localhost:5173/src/i18n/context.tsx:52
[   76697ms] [WARNING] Translation key not found: opsV2.errors.apiError @ http://localhost:5173/src/i18n/context.tsx:52
[   76697ms] [WARNING] Translation key not found: opsV2.errors.retry @ http://localhost:5173/src/i18n/context.tsx:52
[   76698ms] [WARNING] Translation key not found: opsV2.errors.apiError @ http://localhost:5173/src/i18n/context.tsx:52
[   76698ms] [WARNING] Translation key not found: opsV2.errors.retry @ http://localhost:5173/src/i18n/context.tsx:52
[   76704ms] [WARNING] Translation key not found: opsV2.errors.apiError @ http://localhost:5173/src/i18n/context.tsx:52
[   76704ms] [WARNING] Translation key not found: opsV2.errors.retry @ http://localhost:5173/src/i18n/context.tsx:52
[   76704ms] [WARNING] Translation key not found: opsV2.errors.apiError @ http://localhost:5173/src/i18n/context.tsx:52
[   76704ms] [WARNING] Translation key not found: opsV2.errors.retry @ http://localhost:5173/src/i18n/context.tsx:52
[   76710ms] [WARNING] Translation key not found: opsV2.errors.retrying @ http://localhost:5173/src/i18n/context.tsx:52
[   76710ms] [WARNING] Translation key not found: opsV2.errors.retrying @ http://localhost:5173/src/i18n/context.tsx:52
[   79652ms] [WARNING] Translation key not found: opsV2.errors.apiError @ http://localhost:5173/src/i18n/context.tsx:52
[   79652ms] [WARNING] Translation key not found: opsV2.errors.retry @ http://localhost:5173/src/i18n/context.tsx:52
[   79652ms] [WARNING] Translation key not found: opsV2.errors.apiError @ http://localhost:5173/src/i18n/context.tsx:52
[   79652ms] [WARNING] Translation key not found: opsV2.errors.retry @ http://localhost:5173/src/i18n/context.tsx:52
[   79659ms] [WARNING] Translation key not found: opsV2.errors.apiError @ http://localhost:5173/src/i18n/context.tsx:52
[   79659ms] [WARNING] Translation key not found: opsV2.errors.retry @ http://localhost:5173/src/i18n/context.tsx:52
[   79660ms] [WARNING] Translation key not found: opsV2.errors.apiError @ http://localhost:5173/src/i18n/context.tsx:52
[   79660ms] [WARNING] Translation key not found: opsV2.errors.retry @ http://localhost:5173/src/i18n/context.tsx:52
[   79667ms] [WARNING] Translation key not found: opsV2.errors.retrying @ http://localhost:5173/src/i18n/context.tsx:52
[   79667ms] [WARNING] Translation key not found: opsV2.errors.retrying @ http://localhost:5173/src/i18n/context.tsx:52
[   79710ms] [WARNING] Translation key not found: opsV2.errors.apiError @ http://localhost:5173/src/i18n/context.tsx:52
[   79710ms] [WARNING] Translation key not found: opsV2.errors.retry @ http://localhost:5173/src/i18n/context.tsx:52
[   79710ms] [WARNING] Translation key not found: opsV2.errors.apiError @ http://localhost:5173/src/i18n/context.tsx:52
[   79710ms] [WARNING] Translation key not found: opsV2.errors.retry @ http://localhost:5173/src/i18n/context.tsx:52
[   79718ms] [WARNING] Translation key not found: opsV2.errors.apiError @ http://localhost:5173/src/i18n/context.tsx:52
[   79718ms] [WARNING] Translation key not found: opsV2.errors.retry @ http://localhost:5173/src/i18n/context.tsx:52
[   79718ms] [WARNING] Translation key not found: opsV2.errors.apiError @ http://localhost:5173/src/i18n/context.tsx:52
[   79719ms] [WARNING] Translation key not found: opsV2.errors.retry @ http://localhost:5173/src/i18n/context.tsx:52
[   79724ms] [WARNING] Translation key not found: opsV2.errors.retrying @ http://localhost:5173/src/i18n/context.tsx:52
[   79724ms] [WARNING] Translation key not found: opsV2.errors.retrying @ http://localhost:5173/src/i18n/context.tsx:52
[   82667ms] [WARNING] Translation key not found: opsV2.errors.apiError @ http://localhost:5173/src/i18n/context.tsx:52
[   82667ms] [WARNING] Translation key not found: opsV2.errors.retry @ http://localhost:5173/src/i18n/context.tsx:52
[   82668ms] [WARNING] Translation key not found: opsV2.errors.apiError @ http://localhost:5173/src/i18n/context.tsx:52
[   82668ms] [WARNING] Translation key not found: opsV2.errors.retry @ http://localhost:5173/src/i18n/context.tsx:52
[   82674ms] [WARNING] Translation key not found: opsV2.errors.apiError @ http://localhost:5173/src/i18n/context.tsx:52
[   82674ms] [WARNING] Translation key not found: opsV2.errors.retry @ http://localhost:5173/src/i18n/context.tsx:52
[   82674ms] [WARNING] Translation key not found: opsV2.errors.apiError @ http://localhost:5173/src/i18n/context.tsx:52
[   82674ms] [WARNING] Translation key not found: opsV2.errors.retry @ http://localhost:5173/src/i18n/context.tsx:52
[   82679ms] [WARNING] Translation key not found: opsV2.errors.retrying @ http://localhost:5173/src/i18n/context.tsx:52
[   82679ms] [WARNING] Translation key not found: opsV2.errors.retrying @ http://localhost:5173/src/i18n/context.tsx:52
[   82724ms] [WARNING] Translation key not found: opsV2.errors.apiError @ http://localhost:5173/src/i18n/context.tsx:52
[   82724ms] [WARNING] Translation key not found: opsV2.errors.retry @ http://localhost:5173/src/i18n/context.tsx:52
[   82725ms] [WARNING] Translation key not found: opsV2.errors.apiError @ http://localhost:5173/src/i18n/context.tsx:52
[   82725ms] [WARNING] Translation key not found: opsV2.errors.retry @ http://localhost:5173/src/i18n/context.tsx:52
[   82732ms] [WARNING] Translation key not found: opsV2.errors.apiError @ http://localhost:5173/src/i18n/context.tsx:52
[   82732ms] [WARNING] Translation key not found: opsV2.errors.retry @ http://localhost:5173/src/i18n/context.tsx:52
[   82732ms] [WARNING] Translation key not found: opsV2.errors.apiError @ http://localhost:5173/src/i18n/context.tsx:52
[   82732ms] [WARNING] Translation key not found: opsV2.errors.retry @ http://localhost:5173/src/i18n/context.tsx:52
[   82738ms] [WARNING] Translation key not found: opsV2.errors.retrying @ http://localhost:5173/src/i18n/context.tsx:52
[   82738ms] [WARNING] Translation key not found: opsV2.errors.retrying @ http://localhost:5173/src/i18n/context.tsx:52
[   85059ms] [ERROR] Failed to load resource: the server responded with a status of 500 (Internal Server Error) @ http://localhost:5173/health:0
[   85680ms] [WARNING] Translation key not found: opsV2.errors.apiError @ http://localhost:5173/src/i18n/context.tsx:52
[   85680ms] [WARNING] Translation key not found: opsV2.errors.retry @ http://localhost:5173/src/i18n/context.tsx:52
[   85680ms] [WARNING] Translation key not found: opsV2.errors.apiError @ http://localhost:5173/src/i18n/context.tsx:52
[   85680ms] [WARNING] Translation key not found: opsV2.errors.retry @ http://localhost:5173/src/i18n/context.tsx:52
[   85688ms] [WARNING] Translation key not found: opsV2.errors.retrying @ http://localhost:5173/src/i18n/context.tsx:52
[   85689ms] [WARNING] Translation key not found: opsV2.errors.retrying @ http://localhost:5173/src/i18n/context.tsx:52
[   85738ms] [WARNING] Translation key not found: opsV2.errors.apiError @ http://localhost:5173/src/i18n/context.tsx:52
[   85738ms] [WARNING] Translation key not found: opsV2.errors.retry @ http://localhost:5173/src/i18n/context.tsx:52
[   85738ms] [WARNING] Translation key not found: opsV2.errors.apiError @ http://localhost:5173/src/i18n/context.tsx:52
[   85739ms] [WARNING] Translation key not found: opsV2.errors.retry @ http://localhost:5173/src/i18n/context.tsx:52
[   85744ms] [WARNING] Translation key not found: opsV2.errors.apiError @ http://localhost:5173/src/i18n/context.tsx:52
[   85744ms] [WARNING] Translation key not found: opsV2.errors.retry @ http://localhost:5173/src/i18n/context.tsx:52
[   85744ms] [WARNING] Translation key not found: opsV2.errors.apiError @ http://localhost:5173/src/i18n/context.tsx:52
[   85744ms] [WARNING] Translation key not found: opsV2.errors.retry @ http://localhost:5173/src/i18n/context.tsx:52
[   85751ms] [WARNING] Translation key not found: opsV2.errors.retrying @ http://localhost:5173/src/i18n/context.tsx:52
[   85751ms] [WARNING] Translation key not found: opsV2.errors.retrying @ http://localhost:5173/src/i18n/context.tsx:52
[   88689ms] [WARNING] Translation key not found: opsV2.errors.apiError @ http://localhost:5173/src/i18n/context.tsx:52
[   88689ms] [WARNING] Translation key not found: opsV2.errors.retry @ http://localhost:5173/src/i18n/context.tsx:52
[   88689ms] [WARNING] Translation key not found: opsV2.errors.apiError @ http://localhost:5173/src/i18n/context.tsx:52
[   88690ms] [WARNING] Translation key not found: opsV2.errors.retry @ http://localhost:5173/src/i18n/context.tsx:52
[   88696ms] [WARNING] Translation key not found: opsV2.errors.apiError @ http://localhost:5173/src/i18n/context.tsx:52
[   88696ms] [WARNING] Translation key not found: opsV2.errors.retry @ http://localhost:5173/src/i18n/context.tsx:52
[   88696ms] [WARNING] Translation key not found: opsV2.errors.apiError @ http://localhost:5173/src/i18n/context.tsx:52
[   88696ms] [WARNING] Translation key not found: opsV2.errors.retry @ http://localhost:5173/src/i18n/context.tsx:52
[   88703ms] [WARNING] Translation key not found: opsV2.errors.retrying @ http://localhost:5173/src/i18n/context.tsx:52
[   88703ms] [WARNING] Translation key not found: opsV2.errors.retrying @ http://localhost:5173/src/i18n/context.tsx:52
[   88750ms] [WARNING] Translation key not found: opsV2.errors.apiError @ http://localhost:5173/src/i18n/context.tsx:52
[   88750ms] [WARNING] Translation key not found: opsV2.errors.retry @ http://localhost:5173/src/i18n/context.tsx:52
[   88750ms] [WARNING] Translation key not found: opsV2.errors.apiError @ http://localhost:5173/src/i18n/context.tsx:52
[   88750ms] [WARNING] Translation key not found: opsV2.errors.retry @ http://localhost:5173/src/i18n/context.tsx:52
[   88759ms] [WARNING] Translation key not found: opsV2.errors.retrying @ http://localhost:5173/src/i18n/context.tsx:52
[   88759ms] [WARNING] Translation key not found: opsV2.errors.retrying @ http://localhost:5173/src/i18n/context.tsx:52
[   91703ms] [WARNING] Translation key not found: opsV2.errors.apiError @ http://localhost:5173/src/i18n/context.tsx:52
[   91704ms] [WARNING] Translation key not found: opsV2.errors.retry @ http://localhost:5173/src/i18n/context.tsx:52
[   91704ms] [WARNING] Translation key not found: opsV2.errors.apiError @ http://localhost:5173/src/i18n/context.tsx:52
[   91704ms] [WARNING] Translation key not found: opsV2.errors.retry @ http://localhost:5173/src/i18n/context.tsx:52
[   91710ms] [WARNING] Translation key not found: opsV2.errors.apiError @ http://localhost:5173/src/i18n/context.tsx:52
[   91710ms] [WARNING] Translation key not found: opsV2.errors.retry @ http://localhost:5173/src/i18n/context.tsx:52
[   91710ms] [WARNING] Translation key not found: opsV2.errors.apiError @ http://localhost:5173/src/i18n/context.tsx:52
[   91710ms] [WARNING] Translation key not found: opsV2.errors.retry @ http://localhost:5173/src/i18n/context.tsx:52
[   91717ms] [WARNING] Translation key not found: opsV2.errors.retrying @ http://localhost:5173/src/i18n/context.tsx:52
[   91717ms] [WARNING] Translation key not found: opsV2.errors.retrying @ http://localhost:5173/src/i18n/context.tsx:52
[   91759ms] [WARNING] Translation key not found: opsV2.errors.apiError @ http://localhost:5173/src/i18n/context.tsx:52
[   91759ms] [WARNING] Translation key not found: opsV2.errors.retry @ http://localhost:5173/src/i18n/context.tsx:52
[   91760ms] [WARNING] Translation key not found: opsV2.errors.apiError @ http://localhost:5173/src/i18n/context.tsx:52
[   91760ms] [WARNING] Translation key not found: opsV2.errors.retry @ http://localhost:5173/src/i18n/context.tsx:52
[   91766ms] [WARNING] Translation key not found: opsV2.errors.apiError @ http://localhost:5173/src/i18n/context.tsx:52
[   91766ms] [WARNING] Translation key not found: opsV2.errors.retry @ http://localhost:5173/src/i18n/context.tsx:52
[   91767ms] [WARNING] Translation key not found: opsV2.errors.apiError @ http://localhost:5173/src/i18n/context.tsx:52
[   91767ms] [WARNING] Translation key not found: opsV2.errors.retry @ http://localhost:5173/src/i18n/context.tsx:52
[   91772ms] [WARNING] Translation key not found: opsV2.errors.retrying @ http://localhost:5173/src/i18n/context.tsx:52
[   91772ms] [WARNING] Translation key not found: opsV2.errors.retrying @ http://localhost:5173/src/i18n/context.tsx:52
[   92266ms] [WARNING] Translation key not found: opsV2.errors.retrying @ http://localhost:5173/src/i18n/context.tsx:52
[   92266ms] [WARNING] Translation key not found: opsV2.errors.retrying @ http://localhost:5173/src/i18n/context.tsx:52
[   94717ms] [WARNING] Translation key not found: opsV2.errors.apiError @ http://localhost:5173/src/i18n/context.tsx:52
[   94718ms] [WARNING] Translation key not found: opsV2.errors.retry @ http://localhost:5173/src/i18n/context.tsx:52
[   94718ms] [WARNING] Translation key not found: opsV2.errors.apiError @ http://localhost:5173/src/i18n/context.tsx:52
[   94718ms] [WARNING] Translation key not found: opsV2.errors.retry @ http://localhost:5173/src/i18n/context.tsx:52
[   94737ms] [WARNING] Translation key not found: opsV2.errors.apiError @ http://localhost:5173/src/i18n/context.tsx:52
[   94737ms] [WARNING] Translation key not found: opsV2.errors.retry @ http://localhost:5173/src/i18n/context.tsx:52
[   94738ms] [WARNING] Translation key not found: opsV2.errors.apiError @ http://localhost:5173/src/i18n/context.tsx:52
[   94738ms] [WARNING] Translation key not found: opsV2.errors.retry @ http://localhost:5173/src/i18n/context.tsx:52
[   94760ms] [WARNING] Translation key not found: opsV2.errors.retrying @ http://localhost:5173/src/i18n/context.tsx:52
[   94760ms] [WARNING] Translation key not found: opsV2.errors.retrying @ http://localhost:5173/src/i18n/context.tsx:52
[   94780ms] [WARNING] Translation key not found: opsV2.errors.apiError @ http://localhost:5173/src/i18n/context.tsx:52
[   94780ms] [WARNING] Translation key not found: opsV2.errors.retry @ http://localhost:5173/src/i18n/context.tsx:52
[   94780ms] [WARNING] Translation key not found: opsV2.errors.apiError @ http://localhost:5173/src/i18n/context.tsx:52
[   94780ms] [WARNING] Translation key not found: opsV2.errors.retry @ http://localhost:5173/src/i18n/context.tsx:52
[   94806ms] [WARNING] Translation key not found: opsV2.errors.apiError @ http://localhost:5173/src/i18n/context.tsx:52
[   94806ms] [WARNING] Translation key not found: opsV2.errors.retry @ http://localhost:5173/src/i18n/context.tsx:52
[   94806ms] [WARNING] Translation key not found: opsV2.errors.apiError @ http://localhost:5173/src/i18n/context.tsx:52
[   94806ms] [WARNING] Translation key not found: opsV2.errors.retry @ http://localhost:5173/src/i18n/context.tsx:52
[   94824ms] [WARNING] Translation key not found: opsV2.errors.retrying @ http://localhost:5173/src/i18n/context.tsx:52
[   94824ms] [WARNING] Translation key not found: opsV2.errors.retrying @ http://localhost:5173/src/i18n/context.tsx:52
[   97760ms] [WARNING] Translation key not found: opsV2.errors.apiError @ http://localhost:5173/src/i18n/context.tsx:52
[   97760ms] [WARNING] Translation key not found: opsV2.errors.retry @ http://localhost:5173/src/i18n/context.tsx:52
[   97761ms] [WARNING] Translation key not found: opsV2.errors.apiError @ http://localhost:5173/src/i18n/context.tsx:52
[   97761ms] [WARNING] Translation key not found: opsV2.errors.retry @ http://localhost:5173/src/i18n/context.tsx:52
[   97783ms] [WARNING] Translation key not found: opsV2.errors.apiError @ http://localhost:5173/src/i18n/context.tsx:52
[   97783ms] [WARNING] Translation key not found: opsV2.errors.retry @ http://localhost:5173/src/i18n/context.tsx:52
[   97784ms] [WARNING] Translation key not found: opsV2.errors.apiError @ http://localhost:5173/src/i18n/context.tsx:52
[   97784ms] [WARNING] Translation key not found: opsV2.errors.retry @ http://localhost:5173/src/i18n/context.tsx:52
[   97805ms] [WARNING] Translation key not found: opsV2.errors.retrying @ http://localhost:5173/src/i18n/context.tsx:52
[   97808ms] [WARNING] Translation key not found: opsV2.errors.retrying @ http://localhost:5173/src/i18n/context.tsx:52
[   97827ms] [WARNING] Translation key not found: opsV2.errors.apiError @ http://localhost:5173/src/i18n/context.tsx:52
[   97827ms] [WARNING] Translation key not found: opsV2.errors.retry @ http://localhost:5173/src/i18n/context.tsx:52
[   97828ms] [WARNING] Translation key not found: opsV2.errors.apiError @ http://localhost:5173/src/i18n/context.tsx:52
[   97828ms] [WARNING] Translation key not found: opsV2.errors.retry @ http://localhost:5173/src/i18n/context.tsx:52
[   97851ms] [WARNING] Translation key not found: opsV2.errors.apiError @ http://localhost:5173/src/i18n/context.tsx:52
[   97851ms] [WARNING] Translation key not found: opsV2.errors.retry @ http://localhost:5173/src/i18n/context.tsx:52
[   97852ms] [WARNING] Translation key not found: opsV2.errors.apiError @ http://localhost:5173/src/i18n/context.tsx:52
[   97852ms] [WARNING] Translation key not found: opsV2.errors.retry @ http://localhost:5173/src/i18n/context.tsx:52
[   97870ms] [WARNING] Translation key not found: opsV2.errors.retrying @ http://localhost:5173/src/i18n/context.tsx:52
[   97871ms] [WARNING] Translation key not found: opsV2.errors.retrying @ http://localhost:5173/src/i18n/context.tsx:52
[  100805ms] [WARNING] Translation key not found: opsV2.errors.apiError @ http://localhost:5173/src/i18n/context.tsx:52
[  100805ms] [WARNING] Translation key not found: opsV2.errors.retry @ http://localhost:5173/src/i18n/context.tsx:52
[  100806ms] [WARNING] Translation key not found: opsV2.errors.apiError @ http://localhost:5173/src/i18n/context.tsx:52
[  100806ms] [WARNING] Translation key not found: opsV2.errors.retry @ http://localhost:5173/src/i18n/context.tsx:52
[  100824ms] [WARNING] Translation key not found: opsV2.errors.apiError @ http://localhost:5173/src/i18n/context.tsx:52
[  100824ms] [WARNING] Translation key not found: opsV2.errors.retry @ http://localhost:5173/src/i18n/context.tsx:52
[  100825ms] [WARNING] Translation key not found: opsV2.errors.apiError @ http://localhost:5173/src/i18n/context.tsx:52
[  100825ms] [WARNING] Translation key not found: opsV2.errors.retry @ http://localhost:5173/src/i18n/context.tsx:52
[  100848ms] [WARNING] Translation key not found: opsV2.errors.retrying @ http://localhost:5173/src/i18n/context.tsx:52
[  100848ms] [WARNING] Translation key not found: opsV2.errors.retrying @ http://localhost:5173/src/i18n/context.tsx:52
[  100870ms] [WARNING] Translation key not found: opsV2.errors.apiError @ http://localhost:5173/src/i18n/context.tsx:52
[  100870ms] [WARNING] Translation key not found: opsV2.errors.retry @ http://localhost:5173/src/i18n/context.tsx:52
[  100871ms] [WARNING] Translation key not found: opsV2.errors.apiError @ http://localhost:5173/src/i18n/context.tsx:52
[  100871ms] [WARNING] Translation key not found: opsV2.errors.retry @ http://localhost:5173/src/i18n/context.tsx:52
[  100901ms] [WARNING] Translation key not found: opsV2.errors.apiError @ http://localhost:5173/src/i18n/context.tsx:52
[  100901ms] [WARNING] Translation key not found: opsV2.errors.retry @ http://localhost:5173/src/i18n/context.tsx:52
[  100901ms] [WARNING] Translation key not found: opsV2.errors.apiError @ http://localhost:5173/src/i18n/context.tsx:52
[  100901ms] [WARNING] Translation key not found: opsV2.errors.retry @ http://localhost:5173/src/i18n/context.tsx:52
[  100920ms] [WARNING] Translation key not found: opsV2.errors.retrying @ http://localhost:5173/src/i18n/context.tsx:52
[  100921ms] [WARNING] Translation key not found: opsV2.errors.retrying @ http://localhost:5173/src/i18n/context.tsx:52
[  103848ms] [WARNING] Translation key not found: opsV2.errors.apiError @ http://localhost:5173/src/i18n/context.tsx:52
[  103848ms] [WARNING] Translation key not found: opsV2.errors.retry @ http://localhost:5173/src/i18n/context.tsx:52
[  103849ms] [WARNING] Translation key not found: opsV2.errors.apiError @ http://localhost:5173/src/i18n/context.tsx:52
[  103849ms] [WARNING] Translation key not found: opsV2.errors.retry @ http://localhost:5173/src/i18n/context.tsx:52
[  103867ms] [WARNING] Translation key not found: opsV2.errors.apiError @ http://localhost:5173/src/i18n/context.tsx:52
[  103867ms] [WARNING] Translation key not found: opsV2.errors.retry @ http://localhost:5173/src/i18n/context.tsx:52
[  103868ms] [WARNING] Translation key not found: opsV2.errors.apiError @ http://localhost:5173/src/i18n/context.tsx:52
[  103868ms] [WARNING] Translation key not found: opsV2.errors.retry @ http://localhost:5173/src/i18n/context.tsx:52
[  103889ms] [WARNING] Translation key not found: opsV2.errors.retrying @ http://localhost:5173/src/i18n/context.tsx:52
[  103890ms] [WARNING] Translation key not found: opsV2.errors.retrying @ http://localhost:5173/src/i18n/context.tsx:52
[  103920ms] [WARNING] Translation key not found: opsV2.errors.apiError @ http://localhost:5173/src/i18n/context.tsx:52
[  103920ms] [WARNING] Translation key not found: opsV2.errors.retry @ http://localhost:5173/src/i18n/context.tsx:52
[  103920ms] [WARNING] Translation key not found: opsV2.errors.apiError @ http://localhost:5173/src/i18n/context.tsx:52
[  103921ms] [WARNING] Translation key not found: opsV2.errors.retry @ http://localhost:5173/src/i18n/context.tsx:52
[  103943ms] [WARNING] Translation key not found: opsV2.errors.apiError @ http://localhost:5173/src/i18n/context.tsx:52
[  103943ms] [WARNING] Translation key not found: opsV2.errors.retry @ http://localhost:5173/src/i18n/context.tsx:52
[  103944ms] [WARNING] Translation key not found: opsV2.errors.apiError @ http://localhost:5173/src/i18n/context.tsx:52
[  103944ms] [WARNING] Translation key not found: opsV2.errors.retry @ http://localhost:5173/src/i18n/context.tsx:52
[  103964ms] [WARNING] Translation key not found: opsV2.errors.retrying @ http://localhost:5173/src/i18n/context.tsx:52
[  103965ms] [WARNING] Translation key not found: opsV2.errors.retrying @ http://localhost:5173/src/i18n/context.tsx:52
[  106890ms] [WARNING] Translation key not found: opsV2.errors.apiError @ http://localhost:5173/src/i18n/context.tsx:52
[  106890ms] [WARNING] Translation key not found: opsV2.errors.retry @ http://localhost:5173/src/i18n/context.tsx:52
[  106890ms] [WARNING] Translation key not found: opsV2.errors.apiError @ http://localhost:5173/src/i18n/context.tsx:52
[  106890ms] [WARNING] Translation key not found: opsV2.errors.retry @ http://localhost:5173/src/i18n/context.tsx:52
[  106912ms] [WARNING] Translation key not found: opsV2.errors.apiError @ http://localhost:5173/src/i18n/context.tsx:52
[  106912ms] [WARNING] Translation key not found: opsV2.errors.retry @ http://localhost:5173/src/i18n/context.tsx:52
[  106912ms] [WARNING] Translation key not found: opsV2.errors.apiError @ http://localhost:5173/src/i18n/context.tsx:52
[  106912ms] [WARNING] Translation key not found: opsV2.errors.retry @ http://localhost:5173/src/i18n/context.tsx:52
[  106935ms] [WARNING] Translation key not found: opsV2.errors.retrying @ http://localhost:5173/src/i18n/context.tsx:52
[  106936ms] [WARNING] Translation key not found: opsV2.errors.retrying @ http://localhost:5173/src/i18n/context.tsx:52
[  106963ms] [WARNING] Translation key not found: opsV2.errors.apiError @ http://localhost:5173/src/i18n/context.tsx:52
[  106964ms] [WARNING] Translation key not found: opsV2.errors.retry @ http://localhost:5173/src/i18n/context.tsx:52
[  106964ms] [WARNING] Translation key not found: opsV2.errors.apiError @ http://localhost:5173/src/i18n/context.tsx:52
[  106964ms] [WARNING] Translation key not found: opsV2.errors.retry @ http://localhost:5173/src/i18n/context.tsx:52
[  106985ms] [WARNING] Translation key not found: opsV2.errors.apiError @ http://localhost:5173/src/i18n/context.tsx:52
[  106985ms] [WARNING] Translation key not found: opsV2.errors.retry @ http://localhost:5173/src/i18n/context.tsx:52
[  106986ms] [WARNING] Translation key not found: opsV2.errors.apiError @ http://localhost:5173/src/i18n/context.tsx:52
[  106986ms] [WARNING] Translation key not found: opsV2.errors.retry @ http://localhost:5173/src/i18n/context.tsx:52
[  107006ms] [WARNING] Translation key not found: opsV2.errors.retrying @ http://localhost:5173/src/i18n/context.tsx:52
[  107006ms] [WARNING] Translation key not found: opsV2.errors.retrying @ http://localhost:5173/src/i18n/context.tsx:52
[  109936ms] [WARNING] Translation key not found: opsV2.errors.apiError @ http://localhost:5173/src/i18n/context.tsx:52
[  109936ms] [WARNING] Translation key not found: opsV2.errors.retry @ http://localhost:5173/src/i18n/context.tsx:52
[  109937ms] [WARNING] Translation key not found: opsV2.errors.apiError @ http://localhost:5173/src/i18n/context.tsx:52
[  109937ms] [WARNING] Translation key not found: opsV2.errors.retry @ http://localhost:5173/src/i18n/context.tsx:52
[  109956ms] [WARNING] Translation key not found: opsV2.errors.apiError @ http://localhost:5173/src/i18n/context.tsx:52
[  109956ms] [WARNING] Translation key not found: opsV2.errors.retry @ http://localhost:5173/src/i18n/context.tsx:52
[  109956ms] [WARNING] Translation key not found: opsV2.errors.apiError @ http://localhost:5173/src/i18n/context.tsx:52
[  109956ms] [WARNING] Translation key not found: opsV2.errors.retry @ http://localhost:5173/src/i18n/context.tsx:52
[  109978ms] [WARNING] Translation key not found: opsV2.errors.retrying @ http://localhost:5173/src/i18n/context.tsx:52
[  109978ms] [WARNING] Translation key not found: opsV2.errors.retrying @ http://localhost:5173/src/i18n/context.tsx:52
[  110005ms] [WARNING] Translation key not found: opsV2.errors.apiError @ http://localhost:5173/src/i18n/context.tsx:52
[  110005ms] [WARNING] Translation key not found: opsV2.errors.retry @ http://localhost:5173/src/i18n/context.tsx:52
[  110006ms] [WARNING] Translation key not found: opsV2.errors.apiError @ http://localhost:5173/src/i18n/context.tsx:52
[  110006ms] [WARNING] Translation key not found: opsV2.errors.retry @ http://localhost:5173/src/i18n/context.tsx:52
[  110028ms] [WARNING] Translation key not found: opsV2.errors.apiError @ http://localhost:5173/src/i18n/context.tsx:52
[  110028ms] [WARNING] Translation key not found: opsV2.errors.retry @ http://localhost:5173/src/i18n/context.tsx:52
[  110029ms] [WARNING] Translation key not found: opsV2.errors.apiError @ http://localhost:5173/src/i18n/context.tsx:52
[  110029ms] [WARNING] Translation key not found: opsV2.errors.retry @ http://localhost:5173/src/i18n/context.tsx:52
[  110050ms] [WARNING] Translation key not found: opsV2.errors.retrying @ http://localhost:5173/src/i18n/context.tsx:52
[  110051ms] [WARNING] Translation key not found: opsV2.errors.retrying @ http://localhost:5173/src/i18n/context.tsx:52
[  112978ms] [WARNING] Translation key not found: opsV2.errors.apiError @ http://localhost:5173/src/i18n/context.tsx:52
[  112978ms] [WARNING] Translation key not found: opsV2.errors.retry @ http://localhost:5173/src/i18n/context.tsx:52
[  112979ms] [WARNING] Translation key not found: opsV2.errors.apiError @ http://localhost:5173/src/i18n/context.tsx:52
[  112979ms] [WARNING] Translation key not found: opsV2.errors.retry @ http://localhost:5173/src/i18n/context.tsx:52
[  112999ms] [WARNING] Translation key not found: opsV2.errors.apiError @ http://localhost:5173/src/i18n/context.tsx:52
[  112999ms] [WARNING] Translation key not found: opsV2.errors.retry @ http://localhost:5173/src/i18n/context.tsx:52
[  112999ms] [WARNING] Translation key not found: opsV2.errors.apiError @ http://localhost:5173/src/i18n/context.tsx:52
[  113000ms] [WARNING] Translation key not found: opsV2.errors.retry @ http://localhost:5173/src/i18n/context.tsx:52
[  113019ms] [WARNING] Translation key not found: opsV2.errors.retrying @ http://localhost:5173/src/i18n/context.tsx:52
[  113020ms] [WARNING] Translation key not found: opsV2.errors.retrying @ http://localhost:5173/src/i18n/context.tsx:52
[  113050ms] [WARNING] Translation key not found: opsV2.errors.apiError @ http://localhost:5173/src/i18n/context.tsx:52
[  113050ms] [WARNING] Translation key not found: opsV2.errors.retry @ http://localhost:5173/src/i18n/context.tsx:52
[  113050ms] [WARNING] Translation key not found: opsV2.errors.apiError @ http://localhost:5173/src/i18n/context.tsx:52
[  113050ms] [WARNING] Translation key not found: opsV2.errors.retry @ http://localhost:5173/src/i18n/context.tsx:52
[  113072ms] [WARNING] Translation key not found: opsV2.errors.apiError @ http://localhost:5173/src/i18n/context.tsx:52
[  113072ms] [WARNING] Translation key not found: opsV2.errors.retry @ http://localhost:5173/src/i18n/context.tsx:52
[  113072ms] [WARNING] Translation key not found: opsV2.errors.apiError @ http://localhost:5173/src/i18n/context.tsx:52
[  113072ms] [WARNING] Translation key not found: opsV2.errors.retry @ http://localhost:5173/src/i18n/context.tsx:52
[  113091ms] [WARNING] Translation key not found: opsV2.errors.retrying @ http://localhost:5173/src/i18n/context.tsx:52
[  113091ms] [WARNING] Translation key not found: opsV2.errors.retrying @ http://localhost:5173/src/i18n/context.tsx:52
[  116019ms] [WARNING] Translation key not found: opsV2.errors.apiError @ http://localhost:5173/src/i18n/context.tsx:52
[  116019ms] [WARNING] Translation key not found: opsV2.errors.retry @ http://localhost:5173/src/i18n/context.tsx:52
[  116020ms] [WARNING] Translation key not found: opsV2.errors.apiError @ http://localhost:5173/src/i18n/context.tsx:52
[  116020ms] [WARNING] Translation key not found: opsV2.errors.retry @ http://localhost:5173/src/i18n/context.tsx:52
[  116040ms] [WARNING] Translation key not found: opsV2.errors.apiError @ http://localhost:5173/src/i18n/context.tsx:52
[  116040ms] [WARNING] Translation key not found: opsV2.errors.retry @ http://localhost:5173/src/i18n/context.tsx:52
[  116040ms] [WARNING] Translation key not found: opsV2.errors.apiError @ http://localhost:5173/src/i18n/context.tsx:52
[  116040ms] [WARNING] Translation key not found: opsV2.errors.retry @ http://localhost:5173/src/i18n/context.tsx:52
[  116065ms] [WARNING] Translation key not found: opsV2.errors.retrying @ http://localhost:5173/src/i18n/context.tsx:52
[  116065ms] [WARNING] Translation key not found: opsV2.errors.retrying @ http://localhost:5173/src/i18n/context.tsx:52
[  116092ms] [WARNING] Translation key not found: opsV2.errors.apiError @ http://localhost:5173/src/i18n/context.tsx:52
[  116092ms] [WARNING] Translation key not found: opsV2.errors.retry @ http://localhost:5173/src/i18n/context.tsx:52
[  116092ms] [WARNING] Translation key not found: opsV2.errors.apiError @ http://localhost:5173/src/i18n/context.tsx:52
[  116092ms] [WARNING] Translation key not found: opsV2.errors.retry @ http://localhost:5173/src/i18n/context.tsx:52
[  116113ms] [WARNING] Translation key not found: opsV2.errors.apiError @ http://localhost:5173/src/i18n/context.tsx:52
[  116114ms] [WARNING] Translation key not found: opsV2.errors.retry @ http://localhost:5173/src/i18n/context.tsx:52
[  116114ms] [WARNING] Translation key not found: opsV2.errors.apiError @ http://localhost:5173/src/i18n/context.tsx:52
[  116114ms] [WARNING] Translation key not found: opsV2.errors.retry @ http://localhost:5173/src/i18n/context.tsx:52
[  116133ms] [WARNING] Translation key not found: opsV2.errors.retrying @ http://localhost:5173/src/i18n/context.tsx:52
[  116133ms] [WARNING] Translation key not found: opsV2.errors.retrying @ http://localhost:5173/src/i18n/context.tsx:52
[  119065ms] [WARNING] Translation key not found: opsV2.errors.apiError @ http://localhost:5173/src/i18n/context.tsx:52
[  119065ms] [WARNING] Translation key not found: opsV2.errors.retry @ http://localhost:5173/src/i18n/context.tsx:52
[  119066ms] [WARNING] Translation key not found: opsV2.errors.apiError @ http://localhost:5173/src/i18n/context.tsx:52
[  119066ms] [WARNING] Translation key not found: opsV2.errors.retry @ http://localhost:5173/src/i18n/context.tsx:52
[  119085ms] [WARNING] Translation key not found: opsV2.errors.apiError @ http://localhost:5173/src/i18n/context.tsx:52
[  119085ms] [WARNING] Translation key not found: opsV2.errors.retry @ http://localhost:5173/src/i18n/context.tsx:52
[  119085ms] [WARNING] Translation key not found: opsV2.errors.apiError @ http://localhost:5173/src/i18n/context.tsx:52
[  119085ms] [WARNING] Translation key not found: opsV2.errors.retry @ http://localhost:5173/src/i18n/context.tsx:52
[  119108ms] [WARNING] Translation key not found: opsV2.errors.retrying @ http://localhost:5173/src/i18n/context.tsx:52
[  119108ms] [WARNING] Translation key not found: opsV2.errors.retrying @ http://localhost:5173/src/i18n/context.tsx:52
[  119133ms] [WARNING] Translation key not found: opsV2.errors.apiError @ http://localhost:5173/src/i18n/context.tsx:52
[  119133ms] [WARNING] Translation key not found: opsV2.errors.retry @ http://localhost:5173/src/i18n/context.tsx:52
[  119133ms] [WARNING] Translation key not found: opsV2.errors.apiError @ http://localhost:5173/src/i18n/context.tsx:52
[  119133ms] [WARNING] Translation key not found: opsV2.errors.retry @ http://localhost:5173/src/i18n/context.tsx:52
[  119158ms] [WARNING] Translation key not found: opsV2.errors.apiError @ http://localhost:5173/src/i18n/context.tsx:52
[  119159ms] [WARNING] Translation key not found: opsV2.errors.retry @ http://localhost:5173/src/i18n/context.tsx:52
[  119159ms] [WARNING] Translation key not found: opsV2.errors.apiError @ http://localhost:5173/src/i18n/context.tsx:52
[  119159ms] [WARNING] Translation key not found: opsV2.errors.retry @ http://localhost:5173/src/i18n/context.tsx:52
[  119181ms] [WARNING] Translation key not found: opsV2.errors.retrying @ http://localhost:5173/src/i18n/context.tsx:52
[  119181ms] [WARNING] Translation key not found: opsV2.errors.retrying @ http://localhost:5173/src/i18n/context.tsx:52
[  122108ms] [WARNING] Translation key not found: opsV2.errors.apiError @ http://localhost:5173/src/i18n/context.tsx:52
[  122108ms] [WARNING] Translation key not found: opsV2.errors.retry @ http://localhost:5173/src/i18n/context.tsx:52
[  122109ms] [WARNING] Translation key not found: opsV2.errors.apiError @ http://localhost:5173/src/i18n/context.tsx:52
[  122109ms] [WARNING] Translation key not found: opsV2.errors.retry @ http://localhost:5173/src/i18n/context.tsx:52
[  122131ms] [WARNING] Translation key not found: opsV2.errors.apiError @ http://localhost:5173/src/i18n/context.tsx:52
[  122131ms] [WARNING] Translation key not found: opsV2.errors.retry @ http://localhost:5173/src/i18n/context.tsx:52
[  122131ms] [WARNING] Translation key not found: opsV2.errors.apiError @ http://localhost:5173/src/i18n/context.tsx:52
[  122132ms] [WARNING] Translation key not found: opsV2.errors.retry @ http://localhost:5173/src/i18n/context.tsx:52
[  122154ms] [WARNING] Translation key not found: opsV2.errors.retrying @ http://localhost:5173/src/i18n/context.tsx:52
[  122155ms] [WARNING] Translation key not found: opsV2.errors.retrying @ http://localhost:5173/src/i18n/context.tsx:52
[  122180ms] [WARNING] Translation key not found: opsV2.errors.apiError @ http://localhost:5173/src/i18n/context.tsx:52
[  122180ms] [WARNING] Translation key not found: opsV2.errors.retry @ http://localhost:5173/src/i18n/context.tsx:52
[  122180ms] [WARNING] Translation key not found: opsV2.errors.apiError @ http://localhost:5173/src/i18n/context.tsx:52
[  122181ms] [WARNING] Translation key not found: opsV2.errors.retry @ http://localhost:5173/src/i18n/context.tsx:52
[  122203ms] [WARNING] Translation key not found: opsV2.errors.apiError @ http://localhost:5173/src/i18n/context.tsx:52
[  122203ms] [WARNING] Translation key not found: opsV2.errors.retry @ http://localhost:5173/src/i18n/context.tsx:52
[  122204ms] [WARNING] Translation key not found: opsV2.errors.apiError @ http://localhost:5173/src/i18n/context.tsx:52
[  122204ms] [WARNING] Translation key not found: opsV2.errors.retry @ http://localhost:5173/src/i18n/context.tsx:52
[  122226ms] [WARNING] Translation key not found: opsV2.errors.retrying @ http://localhost:5173/src/i18n/context.tsx:52
[  122227ms] [WARNING] Translation key not found: opsV2.errors.retrying @ http://localhost:5173/src/i18n/context.tsx:52
[  125154ms] [WARNING] Translation key not found: opsV2.errors.apiError @ http://localhost:5173/src/i18n/context.tsx:52
[  125154ms] [WARNING] Translation key not found: opsV2.errors.retry @ http://localhost:5173/src/i18n/context.tsx:52
[  125154ms] [WARNING] Translation key not found: opsV2.errors.apiError @ http://localhost:5173/src/i18n/context.tsx:52
[  125154ms] [WARNING] Translation key not found: opsV2.errors.retry @ http://localhost:5173/src/i18n/context.tsx:52
[  125175ms] [WARNING] Translation key not found: opsV2.errors.apiError @ http://localhost:5173/src/i18n/context.tsx:52
[  125176ms] [WARNING] Translation key not found: opsV2.errors.retry @ http://localhost:5173/src/i18n/context.tsx:52
[  125176ms] [WARNING] Translation key not found: opsV2.errors.apiError @ http://localhost:5173/src/i18n/context.tsx:52
[  125176ms] [WARNING] Translation key not found: opsV2.errors.retry @ http://localhost:5173/src/i18n/context.tsx:52
[  125200ms] [WARNING] Translation key not found: opsV2.errors.retrying @ http://localhost:5173/src/i18n/context.tsx:52
[  125201ms] [WARNING] Translation key not found: opsV2.errors.retrying @ http://localhost:5173/src/i18n/context.tsx:52
[  125227ms] [WARNING] Translation key not found: opsV2.errors.apiError @ http://localhost:5173/src/i18n/context.tsx:52
[  125227ms] [WARNING] Translation key not found: opsV2.errors.retry @ http://localhost:5173/src/i18n/context.tsx:52
[  125227ms] [WARNING] Translation key not found: opsV2.errors.apiError @ http://localhost:5173/src/i18n/context.tsx:52
[  125227ms] [WARNING] Translation key not found: opsV2.errors.retry @ http://localhost:5173/src/i18n/context.tsx:52
[  125248ms] [WARNING] Translation key not found: opsV2.errors.apiError @ http://localhost:5173/src/i18n/context.tsx:52
[  125248ms] [WARNING] Translation key not found: opsV2.errors.retry @ http://localhost:5173/src/i18n/context.tsx:52
[  125249ms] [WARNING] Translation key not found: opsV2.errors.apiError @ http://localhost:5173/src/i18n/context.tsx:52
[  125249ms] [WARNING] Translation key not found: opsV2.errors.retry @ http://localhost:5173/src/i18n/context.tsx:52
[  125269ms] [WARNING] Translation key not found: opsV2.errors.retrying @ http://localhost:5173/src/i18n/context.tsx:52
[  125269ms] [WARNING] Translation key not found: opsV2.errors.retrying @ http://localhost:5173/src/i18n/context.tsx:52
[  128201ms] [WARNING] Translation key not found: opsV2.errors.apiError @ http://localhost:5173/src/i18n/context.tsx:52
[  128201ms] [WARNING] Translation key not found: opsV2.errors.retry @ http://localhost:5173/src/i18n/context.tsx:52
[  128201ms] [WARNING] Translation key not found: opsV2.errors.apiError @ http://localhost:5173/src/i18n/context.tsx:52
[  128201ms] [WARNING] Translation key not found: opsV2.errors.retry @ http://localhost:5173/src/i18n/context.tsx:52
[  128223ms] [WARNING] Translation key not found: opsV2.errors.apiError @ http://localhost:5173/src/i18n/context.tsx:52
[  128223ms] [WARNING] Translation key not found: opsV2.errors.retry @ http://localhost:5173/src/i18n/context.tsx:52
[  128223ms] [WARNING] Translation key not found: opsV2.errors.apiError @ http://localhost:5173/src/i18n/context.tsx:52
[  128223ms] [WARNING] Translation key not found: opsV2.errors.retry @ http://localhost:5173/src/i18n/context.tsx:52
[  128246ms] [WARNING] Translation key not found: opsV2.errors.retrying @ http://localhost:5173/src/i18n/context.tsx:52
[  128246ms] [WARNING] Translation key not found: opsV2.errors.retrying @ http://localhost:5173/src/i18n/context.tsx:52
[  128268ms] [WARNING] Translation key not found: opsV2.errors.apiError @ http://localhost:5173/src/i18n/context.tsx:52
[  128268ms] [WARNING] Translation key not found: opsV2.errors.retry @ http://localhost:5173/src/i18n/context.tsx:52
[  128269ms] [WARNING] Translation key not found: opsV2.errors.apiError @ http://localhost:5173/src/i18n/context.tsx:52
[  128269ms] [WARNING] Translation key not found: opsV2.errors.retry @ http://localhost:5173/src/i18n/context.tsx:52
[  128300ms] [WARNING] Translation key not found: opsV2.errors.apiError @ http://localhost:5173/src/i18n/context.tsx:52
[  128301ms] [WARNING] Translation key not found: opsV2.errors.retry @ http://localhost:5173/src/i18n/context.tsx:52
[  128301ms] [WARNING] Translation key not found: opsV2.errors.apiError @ http://localhost:5173/src/i18n/context.tsx:52
[  128301ms] [WARNING] Translation key not found: opsV2.errors.retry @ http://localhost:5173/src/i18n/context.tsx:52
[  128321ms] [WARNING] Translation key not found: opsV2.errors.retrying @ http://localhost:5173/src/i18n/context.tsx:52
[  128322ms] [WARNING] Translation key not found: opsV2.errors.retrying @ http://localhost:5173/src/i18n/context.tsx:52
[  131247ms] [WARNING] Translation key not found: opsV2.errors.apiError @ http://localhost:5173/src/i18n/context.tsx:52
[  131247ms] [WARNING] Translation key not found: opsV2.errors.retry @ http://localhost:5173/src/i18n/context.tsx:52
[  131247ms] [WARNING] Translation key not found: opsV2.errors.apiError @ http://localhost:5173/src/i18n/context.tsx:52
[  131247ms] [WARNING] Translation key not found: opsV2.errors.retry @ http://localhost:5173/src/i18n/context.tsx:52
[  131267ms] [WARNING] Translation key not found: opsV2.errors.apiError @ http://localhost:5173/src/i18n/context.tsx:52
[  131267ms] [WARNING] Translation key not found: opsV2.errors.retry @ http://localhost:5173/src/i18n/context.tsx:52
[  131267ms] [WARNING] Translation key not found: opsV2.errors.apiError @ http://localhost:5173/src/i18n/context.tsx:52
[  131267ms] [WARNING] Translation key not found: opsV2.errors.retry @ http://localhost:5173/src/i18n/context.tsx:52
[  131289ms] [WARNING] Translation key not found: opsV2.errors.retrying @ http://localhost:5173/src/i18n/context.tsx:52
[  131290ms] [WARNING] Translation key not found: opsV2.errors.retrying @ http://localhost:5173/src/i18n/context.tsx:52
[  131321ms] [WARNING] Translation key not found: opsV2.errors.apiError @ http://localhost:5173/src/i18n/context.tsx:52
[  131321ms] [WARNING] Translation key not found: opsV2.errors.retry @ http://localhost:5173/src/i18n/context.tsx:52
[  131322ms] [WARNING] Translation key not found: opsV2.errors.apiError @ http://localhost:5173/src/i18n/context.tsx:52
[  131322ms] [WARNING] Translation key not found: opsV2.errors.retry @ http://localhost:5173/src/i18n/context.tsx:52
[  131342ms] [WARNING] Translation key not found: opsV2.errors.apiError @ http://localhost:5173/src/i18n/context.tsx:52
[  131342ms] [WARNING] Translation key not found: opsV2.errors.retry @ http://localhost:5173/src/i18n/context.tsx:52
[  131343ms] [WARNING] Translation key not found: opsV2.errors.apiError @ http://localhost:5173/src/i18n/context.tsx:52
[  131343ms] [WARNING] Translation key not found: opsV2.errors.retry @ http://localhost:5173/src/i18n/context.tsx:52
[  131362ms] [WARNING] Translation key not found: opsV2.errors.retrying @ http://localhost:5173/src/i18n/context.tsx:52
[  131362ms] [WARNING] Translation key not found: opsV2.errors.retrying @ http://localhost:5173/src/i18n/context.tsx:52
[  134290ms] [WARNING] Translation key not found: opsV2.errors.apiError @ http://localhost:5173/src/i18n/context.tsx:52
[  134290ms] [WARNING] Translation key not found: opsV2.errors.retry @ http://localhost:5173/src/i18n/context.tsx:52
[  134290ms] [WARNING] Translation key not found: opsV2.errors.apiError @ http://localhost:5173/src/i18n/context.tsx:52
[  134290ms] [WARNING] Translation key not found: opsV2.errors.retry @ http://localhost:5173/src/i18n/context.tsx:52
[  134309ms] [WARNING] Translation key not found: opsV2.errors.apiError @ http://localhost:5173/src/i18n/context.tsx:52
[  134310ms] [WARNING] Translation key not found: opsV2.errors.retry @ http://localhost:5173/src/i18n/context.tsx:52
[  134310ms] [WARNING] Translation key not found: opsV2.errors.apiError @ http://localhost:5173/src/i18n/context.tsx:52
[  134310ms] [WARNING] Translation key not found: opsV2.errors.retry @ http://localhost:5173/src/i18n/context.tsx:52
[  134336ms] [WARNING] Translation key not found: opsV2.errors.retrying @ http://localhost:5173/src/i18n/context.tsx:52
[  134337ms] [WARNING] Translation key not found: opsV2.errors.retrying @ http://localhost:5173/src/i18n/context.tsx:52
[  134361ms] [WARNING] Translation key not found: opsV2.errors.apiError @ http://localhost:5173/src/i18n/context.tsx:52
[  134362ms] [WARNING] Translation key not found: opsV2.errors.retry @ http://localhost:5173/src/i18n/context.tsx:52
[  134362ms] [WARNING] Translation key not found: opsV2.errors.apiError @ http://localhost:5173/src/i18n/context.tsx:52
[  134362ms] [WARNING] Translation key not found: opsV2.errors.retry @ http://localhost:5173/src/i18n/context.tsx:52
[  134385ms] [WARNING] Translation key not found: opsV2.errors.apiError @ http://localhost:5173/src/i18n/context.tsx:52
[  134385ms] [WARNING] Translation key not found: opsV2.errors.retry @ http://localhost:5173/src/i18n/context.tsx:52
[  134385ms] [WARNING] Translation key not found: opsV2.errors.apiError @ http://localhost:5173/src/i18n/context.tsx:52
[  134385ms] [WARNING] Translation key not found: opsV2.errors.retry @ http://localhost:5173/src/i18n/context.tsx:52
[  134404ms] [WARNING] Translation key not found: opsV2.errors.retrying @ http://localhost:5173/src/i18n/context.tsx:52
[  134404ms] [WARNING] Translation key not found: opsV2.errors.retrying @ http://localhost:5173/src/i18n/context.tsx:52
[  137337ms] [WARNING] Translation key not found: opsV2.errors.apiError @ http://localhost:5173/src/i18n/context.tsx:52
[  137337ms] [WARNING] Translation key not found: opsV2.errors.retry @ http://localhost:5173/src/i18n/context.tsx:52
[  137337ms] [WARNING] Translation key not found: opsV2.errors.apiError @ http://localhost:5173/src/i18n/context.tsx:52
[  137338ms] [WARNING] Translation key not found: opsV2.errors.retry @ http://localhost:5173/src/i18n/context.tsx:52
[  137358ms] [WARNING] Translation key not found: opsV2.errors.apiError @ http://localhost:5173/src/i18n/context.tsx:52
[  137358ms] [WARNING] Translation key not found: opsV2.errors.retry @ http://localhost:5173/src/i18n/context.tsx:52
[  137358ms] [WARNING] Translation key not found: opsV2.errors.apiError @ http://localhost:5173/src/i18n/context.tsx:52
[  137358ms] [WARNING] Translation key not found: opsV2.errors.retry @ http://localhost:5173/src/i18n/context.tsx:52
[  137382ms] [WARNING] Translation key not found: opsV2.errors.retrying @ http://localhost:5173/src/i18n/context.tsx:52
[  137382ms] [WARNING] Translation key not found: opsV2.errors.retrying @ http://localhost:5173/src/i18n/context.tsx:52
[  137403ms] [WARNING] Translation key not found: opsV2.errors.apiError @ http://localhost:5173/src/i18n/context.tsx:52
[  137403ms] [WARNING] Translation key not found: opsV2.errors.retry @ http://localhost:5173/src/i18n/context.tsx:52
[  137404ms] [WARNING] Translation key not found: opsV2.errors.apiError @ http://localhost:5173/src/i18n/context.tsx:52
[  137404ms] [WARNING] Translation key not found: opsV2.errors.retry @ http://localhost:5173/src/i18n/context.tsx:52
[  137430ms] [WARNING] Translation key not found: opsV2.errors.apiError @ http://localhost:5173/src/i18n/context.tsx:52
[  137430ms] [WARNING] Translation key not found: opsV2.errors.retry @ http://localhost:5173/src/i18n/context.tsx:52
[  137431ms] [WARNING] Translation key not found: opsV2.errors.apiError @ http://localhost:5173/src/i18n/context.tsx:52
[  137431ms] [WARNING] Translation key not found: opsV2.errors.retry @ http://localhost:5173/src/i18n/context.tsx:52
[  137450ms] [WARNING] Translation key not found: opsV2.errors.retrying @ http://localhost:5173/src/i18n/context.tsx:52
[  137450ms] [WARNING] Translation key not found: opsV2.errors.retrying @ http://localhost:5173/src/i18n/context.tsx:52
[  140382ms] [WARNING] Translation key not found: opsV2.errors.apiError @ http://localhost:5173/src/i18n/context.tsx:52
[  140382ms] [WARNING] Translation key not found: opsV2.errors.retry @ http://localhost:5173/src/i18n/context.tsx:52
[  140383ms] [WARNING] Translation key not found: opsV2.errors.apiError @ http://localhost:5173/src/i18n/context.tsx:52
[  140383ms] [WARNING] Translation key not found: opsV2.errors.retry @ http://localhost:5173/src/i18n/context.tsx:52
[  140402ms] [WARNING] Translation key not found: opsV2.errors.apiError @ http://localhost:5173/src/i18n/context.tsx:52
[  140402ms] [WARNING] Translation key not found: opsV2.errors.retry @ http://localhost:5173/src/i18n/context.tsx:52
[  140403ms] [WARNING] Translation key not found: opsV2.errors.apiError @ http://localhost:5173/src/i18n/context.tsx:52
[  140403ms] [WARNING] Translation key not found: opsV2.errors.retry @ http://localhost:5173/src/i18n/context.tsx:52
[  140426ms] [WARNING] Translation key not found: opsV2.errors.retrying @ http://localhost:5173/src/i18n/context.tsx:52
[  140426ms] [WARNING] Translation key not found: opsV2.errors.retrying @ http://localhost:5173/src/i18n/context.tsx:52
[  140449ms] [WARNING] Translation key not found: opsV2.errors.apiError @ http://localhost:5173/src/i18n/context.tsx:52
[  140449ms] [WARNING] Translation key not found: opsV2.errors.retry @ http://localhost:5173/src/i18n/context.tsx:52
[  140450ms] [WARNING] Translation key not found: opsV2.errors.apiError @ http://localhost:5173/src/i18n/context.tsx:52
[  140450ms] [WARNING] Translation key not found: opsV2.errors.retry @ http://localhost:5173/src/i18n/context.tsx:52
[  140472ms] [WARNING] Translation key not found: opsV2.errors.apiError @ http://localhost:5173/src/i18n/context.tsx:52
[  140472ms] [WARNING] Translation key not found: opsV2.errors.retry @ http://localhost:5173/src/i18n/context.tsx:52
[  140473ms] [WARNING] Translation key not found: opsV2.errors.apiError @ http://localhost:5173/src/i18n/context.tsx:52
[  140473ms] [WARNING] Translation key not found: opsV2.errors.retry @ http://localhost:5173/src/i18n/context.tsx:52
[  140491ms] [WARNING] Translation key not found: opsV2.errors.retrying @ http://localhost:5173/src/i18n/context.tsx:52
[  140491ms] [WARNING] Translation key not found: opsV2.errors.retrying @ http://localhost:5173/src/i18n/context.tsx:52
[  143426ms] [WARNING] Translation key not found: opsV2.errors.apiError @ http://localhost:5173/src/i18n/context.tsx:52
[  143426ms] [WARNING] Translation key not found: opsV2.errors.retry @ http://localhost:5173/src/i18n/context.tsx:52
[  143427ms] [WARNING] Translation key not found: opsV2.errors.apiError @ http://localhost:5173/src/i18n/context.tsx:52
[  143427ms] [WARNING] Translation key not found: opsV2.errors.retry @ http://localhost:5173/src/i18n/context.tsx:52
[  143448ms] [WARNING] Translation key not found: opsV2.errors.apiError @ http://localhost:5173/src/i18n/context.tsx:52
[  143448ms] [WARNING] Translation key not found: opsV2.errors.retry @ http://localhost:5173/src/i18n/context.tsx:52
[  143449ms] [WARNING] Translation key not found: opsV2.errors.apiError @ http://localhost:5173/src/i18n/context.tsx:52
[  143449ms] [WARNING] Translation key not found: opsV2.errors.retry @ http://localhost:5173/src/i18n/context.tsx:52
[  143468ms] [WARNING] Translation key not found: opsV2.errors.retrying @ http://localhost:5173/src/i18n/context.tsx:52
[  143469ms] [WARNING] Translation key not found: opsV2.errors.retrying @ http://localhost:5173/src/i18n/context.tsx:52
[  143491ms] [WARNING] Translation key not found: opsV2.errors.apiError @ http://localhost:5173/src/i18n/context.tsx:52
[  143491ms] [WARNING] Translation key not found: opsV2.errors.retry @ http://localhost:5173/src/i18n/context.tsx:52
[  143492ms] [WARNING] Translation key not found: opsV2.errors.apiError @ http://localhost:5173/src/i18n/context.tsx:52
[  143492ms] [WARNING] Translation key not found: opsV2.errors.retry @ http://localhost:5173/src/i18n/context.tsx:52
[  143513ms] [WARNING] Translation key not found: opsV2.errors.apiError @ http://localhost:5173/src/i18n/context.tsx:52
[  143513ms] [WARNING] Translation key not found: opsV2.errors.retry @ http://localhost:5173/src/i18n/context.tsx:52
[  143514ms] [WARNING] Translation key not found: opsV2.errors.apiError @ http://localhost:5173/src/i18n/context.tsx:52
[  143514ms] [WARNING] Translation key not found: opsV2.errors.retry @ http://localhost:5173/src/i18n/context.tsx:52
[  143533ms] [WARNING] Translation key not found: opsV2.errors.retrying @ http://localhost:5173/src/i18n/context.tsx:52
[  143534ms] [WARNING] Translation key not found: opsV2.errors.retrying @ http://localhost:5173/src/i18n/context.tsx:52
[  145058ms] [ERROR] Failed to load resource: the server responded with a status of 500 (Internal Server Error) @ http://localhost:5173/health:0
[  146468ms] [WARNING] Translation key not found: opsV2.errors.apiError @ http://localhost:5173/src/i18n/context.tsx:52
[  146468ms] [WARNING] Translation key not found: opsV2.errors.retry @ http://localhost:5173/src/i18n/context.tsx:52
[  146468ms] [WARNING] Translation key not found: opsV2.errors.apiError @ http://localhost:5173/src/i18n/context.tsx:52
[  146468ms] [WARNING] Translation key not found: opsV2.errors.retry @ http://localhost:5173/src/i18n/context.tsx:52
[  146488ms] [WARNING] Translation key not found: opsV2.errors.apiError @ http://localhost:5173/src/i18n/context.tsx:52
[  146488ms] [WARNING] Translation key not found: opsV2.errors.retry @ http://localhost:5173/src/i18n/context.tsx:52
[  146488ms] [WARNING] Translation key not found: opsV2.errors.apiError @ http://localhost:5173/src/i18n/context.tsx:52
[  146488ms] [WARNING] Translation key not found: opsV2.errors.retry @ http://localhost:5173/src/i18n/context.tsx:52
[  146510ms] [WARNING] Translation key not found: opsV2.errors.retrying @ http://localhost:5173/src/i18n/context.tsx:52
[  146511ms] [WARNING] Translation key not found: opsV2.errors.retrying @ http://localhost:5173/src/i18n/context.tsx:52
[  146533ms] [WARNING] Translation key not found: opsV2.errors.apiError @ http://localhost:5173/src/i18n/context.tsx:52
[  146533ms] [WARNING] Translation key not found: opsV2.errors.retry @ http://localhost:5173/src/i18n/context.tsx:52
[  146533ms] [WARNING] Translation key not found: opsV2.errors.apiError @ http://localhost:5173/src/i18n/context.tsx:52
[  146533ms] [WARNING] Translation key not found: opsV2.errors.retry @ http://localhost:5173/src/i18n/context.tsx:52
[  146554ms] [WARNING] Translation key not found: opsV2.errors.apiError @ http://localhost:5173/src/i18n/context.tsx:52
[  146554ms] [WARNING] Translation key not found: opsV2.errors.retry @ http://localhost:5173/src/i18n/context.tsx:52
[  146554ms] [WARNING] Translation key not found: opsV2.errors.apiError @ http://localhost:5173/src/i18n/context.tsx:52
[  146554ms] [WARNING] Translation key not found: opsV2.errors.retry @ http://localhost:5173/src/i18n/context.tsx:52
[  146573ms] [WARNING] Translation key not found: opsV2.errors.retrying @ http://localhost:5173/src/i18n/context.tsx:52
[  146574ms] [WARNING] Translation key not found: opsV2.errors.retrying @ http://localhost:5173/src/i18n/context.tsx:52
[  149511ms] [WARNING] Translation key not found: opsV2.errors.apiError @ http://localhost:5173/src/i18n/context.tsx:52
[  149511ms] [WARNING] Translation key not found: opsV2.errors.retry @ http://localhost:5173/src/i18n/context.tsx:52
[  149511ms] [WARNING] Translation key not found: opsV2.errors.apiError @ http://localhost:5173/src/i18n/context.tsx:52
[  149511ms] [WARNING] Translation key not found: opsV2.errors.retry @ http://localhost:5173/src/i18n/context.tsx:52
[  149531ms] [WARNING] Translation key not found: opsV2.errors.apiError @ http://localhost:5173/src/i18n/context.tsx:52
[  149531ms] [WARNING] Translation key not found: opsV2.errors.retry @ http://localhost:5173/src/i18n/context.tsx:52
[  149531ms] [WARNING] Translation key not found: opsV2.errors.apiError @ http://localhost:5173/src/i18n/context.tsx:52
[  149531ms] [WARNING] Translation key not found: opsV2.errors.retry @ http://localhost:5173/src/i18n/context.tsx:52
[  149552ms] [WARNING] Translation key not found: opsV2.errors.retrying @ http://localhost:5173/src/i18n/context.tsx:52
[  149553ms] [WARNING] Translation key not found: opsV2.errors.retrying @ http://localhost:5173/src/i18n/context.tsx:52
[  149573ms] [WARNING] Translation key not found: opsV2.errors.apiError @ http://localhost:5173/src/i18n/context.tsx:52
[  149573ms] [WARNING] Translation key not found: opsV2.errors.retry @ http://localhost:5173/src/i18n/context.tsx:52
[  149573ms] [WARNING] Translation key not found: opsV2.errors.apiError @ http://localhost:5173/src/i18n/context.tsx:52
[  149573ms] [WARNING] Translation key not found: opsV2.errors.retry @ http://localhost:5173/src/i18n/context.tsx:52
[  149594ms] [WARNING] Translation key not found: opsV2.errors.apiError @ http://localhost:5173/src/i18n/context.tsx:52
[  149594ms] [WARNING] Translation key not found: opsV2.errors.retry @ http://localhost:5173/src/i18n/context.tsx:52
[  149595ms] [WARNING] Translation key not found: opsV2.errors.apiError @ http://localhost:5173/src/i18n/context.tsx:52
[  149595ms] [WARNING] Translation key not found: opsV2.errors.retry @ http://localhost:5173/src/i18n/context.tsx:52
[  149613ms] [WARNING] Translation key not found: opsV2.errors.retrying @ http://localhost:5173/src/i18n/context.tsx:52
[  149614ms] [WARNING] Translation key not found: opsV2.errors.retrying @ http://localhost:5173/src/i18n/context.tsx:52
[  152553ms] [WARNING] Translation key not found: opsV2.errors.apiError @ http://localhost:5173/src/i18n/context.tsx:52
[  152553ms] [WARNING] Translation key not found: opsV2.errors.retry @ http://localhost:5173/src/i18n/context.tsx:52
[  152553ms] [WARNING] Translation key not found: opsV2.errors.apiError @ http://localhost:5173/src/i18n/context.tsx:52
[  152554ms] [WARNING] Translation key not found: opsV2.errors.retry @ http://localhost:5173/src/i18n/context.tsx:52
[  152574ms] [WARNING] Translation key not found: opsV2.errors.apiError @ http://localhost:5173/src/i18n/context.tsx:52
[  152574ms] [WARNING] Translation key not found: opsV2.errors.retry @ http://localhost:5173/src/i18n/context.tsx:52
[  152574ms] [WARNING] Translation key not found: opsV2.errors.apiError @ http://localhost:5173/src/i18n/context.tsx:52
[  152574ms] [WARNING] Translation key not found: opsV2.errors.retry @ http://localhost:5173/src/i18n/context.tsx:52
[  152595ms] [WARNING] Translation key not found: opsV2.errors.retrying @ http://localhost:5173/src/i18n/context.tsx:52
[  152596ms] [WARNING] Translation key not found: opsV2.errors.retrying @ http://localhost:5173/src/i18n/context.tsx:52
[  152615ms] [WARNING] Translation key not found: opsV2.errors.apiError @ http://localhost:5173/src/i18n/context.tsx:52
[  152616ms] [WARNING] Translation key not found: opsV2.errors.retry @ http://localhost:5173/src/i18n/context.tsx:52
[  152616ms] [WARNING] Translation key not found: opsV2.errors.apiError @ http://localhost:5173/src/i18n/context.tsx:52
[  152616ms] [WARNING] Translation key not found: opsV2.errors.retry @ http://localhost:5173/src/i18n/context.tsx:52
[  152637ms] [WARNING] Translation key not found: opsV2.errors.apiError @ http://localhost:5173/src/i18n/context.tsx:52
[  152637ms] [WARNING] Translation key not found: opsV2.errors.retry @ http://localhost:5173/src/i18n/context.tsx:52
[  152637ms] [WARNING] Translation key not found: opsV2.errors.apiError @ http://localhost:5173/src/i18n/context.tsx:52
[  152637ms] [WARNING] Translation key not found: opsV2.errors.retry @ http://localhost:5173/src/i18n/context.tsx:52
[  152656ms] [WARNING] Translation key not found: opsV2.errors.retrying @ http://localhost:5173/src/i18n/context.tsx:52
[  152657ms] [WARNING] Translation key not found: opsV2.errors.retrying @ http://localhost:5173/src/i18n/context.tsx:52
[  155596ms] [WARNING] Translation key not found: opsV2.errors.apiError @ http://localhost:5173/src/i18n/context.tsx:52
[  155596ms] [WARNING] Translation key not found: opsV2.errors.retry @ http://localhost:5173/src/i18n/context.tsx:52
[  155596ms] [WARNING] Translation key not found: opsV2.errors.apiError @ http://localhost:5173/src/i18n/context.tsx:52
[  155596ms] [WARNING] Translation key not found: opsV2.errors.retry @ http://localhost:5173/src/i18n/context.tsx:52
[  155615ms] [WARNING] Translation key not found: opsV2.errors.apiError @ http://localhost:5173/src/i18n/context.tsx:52
[  155616ms] [WARNING] Translation key not found: opsV2.errors.retry @ http://localhost:5173/src/i18n/context.tsx:52
[  155616ms] [WARNING] Translation key not found: opsV2.errors.apiError @ http://localhost:5173/src/i18n/context.tsx:52
[  155616ms] [WARNING] Translation key not found: opsV2.errors.retry @ http://localhost:5173/src/i18n/context.tsx:52
[  155637ms] [WARNING] Translation key not found: opsV2.errors.retrying @ http://localhost:5173/src/i18n/context.tsx:52
[  155637ms] [WARNING] Translation key not found: opsV2.errors.retrying @ http://localhost:5173/src/i18n/context.tsx:52
[  155656ms] [WARNING] Translation key not found: opsV2.errors.apiError @ http://localhost:5173/src/i18n/context.tsx:52
[  155656ms] [WARNING] Translation key not found: opsV2.errors.retry @ http://localhost:5173/src/i18n/context.tsx:52
[  155656ms] [WARNING] Translation key not found: opsV2.errors.apiError @ http://localhost:5173/src/i18n/context.tsx:52
[  155656ms] [WARNING] Translation key not found: opsV2.errors.retry @ http://localhost:5173/src/i18n/context.tsx:52
[  155679ms] [WARNING] Translation key not found: opsV2.errors.apiError @ http://localhost:5173/src/i18n/context.tsx:52
[  155679ms] [WARNING] Translation key not found: opsV2.errors.retry @ http://localhost:5173/src/i18n/context.tsx:52
[  155679ms] [WARNING] Translation key not found: opsV2.errors.apiError @ http://localhost:5173/src/i18n/context.tsx:52
[  155680ms] [WARNING] Translation key not found: opsV2.errors.retry @ http://localhost:5173/src/i18n/context.tsx:52
[  155702ms] [WARNING] Translation key not found: opsV2.errors.retrying @ http://localhost:5173/src/i18n/context.tsx:52
[  155703ms] [WARNING] Translation key not found: opsV2.errors.retrying @ http://localhost:5173/src/i18n/context.tsx:52
[  158637ms] [WARNING] Translation key not found: opsV2.errors.apiError @ http://localhost:5173/src/i18n/context.tsx:52
[  158637ms] [WARNING] Translation key not found: opsV2.errors.retry @ http://localhost:5173/src/i18n/context.tsx:52
[  158638ms] [WARNING] Translation key not found: opsV2.errors.apiError @ http://localhost:5173/src/i18n/context.tsx:52
[  158638ms] [WARNING] Translation key not found: opsV2.errors.retry @ http://localhost:5173/src/i18n/context.tsx:52
[  158656ms] [WARNING] Translation key not found: opsV2.errors.apiError @ http://localhost:5173/src/i18n/context.tsx:52
[  158656ms] [WARNING] Translation key not found: opsV2.errors.retry @ http://localhost:5173/src/i18n/context.tsx:52
[  158656ms] [WARNING] Translation key not found: opsV2.errors.apiError @ http://localhost:5173/src/i18n/context.tsx:52
[  158656ms] [WARNING] Translation key not found: opsV2.errors.retry @ http://localhost:5173/src/i18n/context.tsx:52
[  158678ms] [WARNING] Translation key not found: opsV2.errors.retrying @ http://localhost:5173/src/i18n/context.tsx:52
[  158679ms] [WARNING] Translation key not found: opsV2.errors.retrying @ http://localhost:5173/src/i18n/context.tsx:52
[  158702ms] [WARNING] Translation key not found: opsV2.errors.apiError @ http://localhost:5173/src/i18n/context.tsx:52
[  158702ms] [WARNING] Translation key not found: opsV2.errors.retry @ http://localhost:5173/src/i18n/context.tsx:52
[  158702ms] [WARNING] Translation key not found: opsV2.errors.apiError @ http://localhost:5173/src/i18n/context.tsx:52
[  158703ms] [WARNING] Translation key not found: opsV2.errors.retry @ http://localhost:5173/src/i18n/context.tsx:52
[  158723ms] [WARNING] Translation key not found: opsV2.errors.apiError @ http://localhost:5173/src/i18n/context.tsx:52
[  158724ms] [WARNING] Translation key not found: opsV2.errors.retry @ http://localhost:5173/src/i18n/context.tsx:52
[  158724ms] [WARNING] Translation key not found: opsV2.errors.apiError @ http://localhost:5173/src/i18n/context.tsx:52
[  158724ms] [WARNING] Translation key not found: opsV2.errors.retry @ http://localhost:5173/src/i18n/context.tsx:52
[  158742ms] [WARNING] Translation key not found: opsV2.errors.retrying @ http://localhost:5173/src/i18n/context.tsx:52
[  158742ms] [WARNING] Translation key not found: opsV2.errors.retrying @ http://localhost:5173/src/i18n/context.tsx:52
[  160272ms] [WARNING] Translation key not found: opsV2.errors.retrying @ http://localhost:5173/src/i18n/context.tsx:52
[  160273ms] [WARNING] Translation key not found: opsV2.errors.retrying @ http://localhost:5173/src/i18n/context.tsx:52
[  161679ms] [WARNING] Translation key not found: opsV2.errors.apiError @ http://localhost:5173/src/i18n/context.tsx:52
[  161679ms] [WARNING] Translation key not found: opsV2.errors.retry @ http://localhost:5173/src/i18n/context.tsx:52
[  161680ms] [WARNING] Translation key not found: opsV2.errors.apiError @ http://localhost:5173/src/i18n/context.tsx:52
[  161680ms] [WARNING] Translation key not found: opsV2.errors.retry @ http://localhost:5173/src/i18n/context.tsx:52
[  161703ms] [WARNING] Translation key not found: opsV2.errors.apiError @ http://localhost:5173/src/i18n/context.tsx:52
[  161703ms] [WARNING] Translation key not found: opsV2.errors.retry @ http://localhost:5173/src/i18n/context.tsx:52
[  161704ms] [WARNING] Translation key not found: opsV2.errors.apiError @ http://localhost:5173/src/i18n/context.tsx:52
[  161704ms] [WARNING] Translation key not found: opsV2.errors.retry @ http://localhost:5173/src/i18n/context.tsx:52
[  161727ms] [WARNING] Translation key not found: opsV2.errors.retrying @ http://localhost:5173/src/i18n/context.tsx:52
[  161728ms] [WARNING] Translation key not found: opsV2.errors.retrying @ http://localhost:5173/src/i18n/context.tsx:52
[  161750ms] [WARNING] Translation key not found: opsV2.errors.apiError @ http://localhost:5173/src/i18n/context.tsx:52
[  161751ms] [WARNING] Translation key not found: opsV2.errors.retry @ http://localhost:5173/src/i18n/context.tsx:52
[  161751ms] [WARNING] Translation key not found: opsV2.errors.apiError @ http://localhost:5173/src/i18n/context.tsx:52
[  161751ms] [WARNING] Translation key not found: opsV2.errors.retry @ http://localhost:5173/src/i18n/context.tsx:52
[  161772ms] [WARNING] Translation key not found: opsV2.errors.apiError @ http://localhost:5173/src/i18n/context.tsx:52
[  161772ms] [WARNING] Translation key not found: opsV2.errors.retry @ http://localhost:5173/src/i18n/context.tsx:52
[  161772ms] [WARNING] Translation key not found: opsV2.errors.apiError @ http://localhost:5173/src/i18n/context.tsx:52
[  161772ms] [WARNING] Translation key not found: opsV2.errors.retry @ http://localhost:5173/src/i18n/context.tsx:52
[  161793ms] [WARNING] Translation key not found: opsV2.errors.retrying @ http://localhost:5173/src/i18n/context.tsx:52
[  161793ms] [WARNING] Translation key not found: opsV2.errors.retrying @ http://localhost:5173/src/i18n/context.tsx:52
[  164728ms] [WARNING] Translation key not found: opsV2.errors.apiError @ http://localhost:5173/src/i18n/context.tsx:52
[  164728ms] [WARNING] Translation key not found: opsV2.errors.retry @ http://localhost:5173/src/i18n/context.tsx:52
[  164728ms] [WARNING] Translation key not found: opsV2.errors.apiError @ http://localhost:5173/src/i18n/context.tsx:52
[  164728ms] [WARNING] Translation key not found: opsV2.errors.retry @ http://localhost:5173/src/i18n/context.tsx:52
[  164749ms] [WARNING] Translation key not found: opsV2.errors.apiError @ http://localhost:5173/src/i18n/context.tsx:52
[  164749ms] [WARNING] Translation key not found: opsV2.errors.retry @ http://localhost:5173/src/i18n/context.tsx:52
[  164750ms] [WARNING] Translation key not found: opsV2.errors.apiError @ http://localhost:5173/src/i18n/context.tsx:52
[  164750ms] [WARNING] Translation key not found: opsV2.errors.retry @ http://localhost:5173/src/i18n/context.tsx:52
[  164770ms] [WARNING] Translation key not found: opsV2.errors.retrying @ http://localhost:5173/src/i18n/context.tsx:52
[  164770ms] [WARNING] Translation key not found: opsV2.errors.retrying @ http://localhost:5173/src/i18n/context.tsx:52
[  164794ms] [WARNING] Translation key not found: opsV2.errors.apiError @ http://localhost:5173/src/i18n/context.tsx:52
[  164794ms] [WARNING] Translation key not found: opsV2.errors.retry @ http://localhost:5173/src/i18n/context.tsx:52
[  164795ms] [WARNING] Translation key not found: opsV2.errors.apiError @ http://localhost:5173/src/i18n/context.tsx:52
[  164795ms] [WARNING] Translation key not found: opsV2.errors.retry @ http://localhost:5173/src/i18n/context.tsx:52
[  164815ms] [WARNING] Translation key not found: opsV2.errors.apiError @ http://localhost:5173/src/i18n/context.tsx:52
[  164815ms] [WARNING] Translation key not found: opsV2.errors.retry @ http://localhost:5173/src/i18n/context.tsx:52
[  164815ms] [WARNING] Translation key not found: opsV2.errors.apiError @ http://localhost:5173/src/i18n/context.tsx:52
[  164815ms] [WARNING] Translation key not found: opsV2.errors.retry @ http://localhost:5173/src/i18n/context.tsx:52
[  164836ms] [WARNING] Translation key not found: opsV2.errors.retrying @ http://localhost:5173/src/i18n/context.tsx:52
[  164836ms] [WARNING] Translation key not found: opsV2.errors.retrying @ http://localhost:5173/src/i18n/context.tsx:52
[  167771ms] [WARNING] Translation key not found: opsV2.errors.apiError @ http://localhost:5173/src/i18n/context.tsx:52
[  167771ms] [WARNING] Translation key not found: opsV2.errors.retry @ http://localhost:5173/src/i18n/context.tsx:52
[  167771ms] [WARNING] Translation key not found: opsV2.errors.apiError @ http://localhost:5173/src/i18n/context.tsx:52
[  167771ms] [WARNING] Translation key not found: opsV2.errors.retry @ http://localhost:5173/src/i18n/context.tsx:52
[  167792ms] [WARNING] Translation key not found: opsV2.errors.apiError @ http://localhost:5173/src/i18n/context.tsx:52
[  167792ms] [WARNING] Translation key not found: opsV2.errors.retry @ http://localhost:5173/src/i18n/context.tsx:52
[  167792ms] [WARNING] Translation key not found: opsV2.errors.apiError @ http://localhost:5173/src/i18n/context.tsx:52
[  167792ms] [WARNING] Translation key not found: opsV2.errors.retry @ http://localhost:5173/src/i18n/context.tsx:52
[  167812ms] [WARNING] Translation key not found: opsV2.errors.retrying @ http://localhost:5173/src/i18n/context.tsx:52
[  167813ms] [WARNING] Translation key not found: opsV2.errors.retrying @ http://localhost:5173/src/i18n/context.tsx:52
[  167835ms] [WARNING] Translation key not found: opsV2.errors.apiError @ http://localhost:5173/src/i18n/context.tsx:52
[  167835ms] [WARNING] Translation key not found: opsV2.errors.retry @ http://localhost:5173/src/i18n/context.tsx:52
[  167836ms] [WARNING] Translation key not found: opsV2.errors.apiError @ http://localhost:5173/src/i18n/context.tsx:52
[  167836ms] [WARNING] Translation key not found: opsV2.errors.retry @ http://localhost:5173/src/i18n/context.tsx:52
[  167855ms] [WARNING] Translation key not found: opsV2.errors.apiError @ http://localhost:5173/src/i18n/context.tsx:52
[  167855ms] [WARNING] Translation key not found: opsV2.errors.retry @ http://localhost:5173/src/i18n/context.tsx:52
[  167856ms] [WARNING] Translation key not found: opsV2.errors.apiError @ http://localhost:5173/src/i18n/context.tsx:52
[  167856ms] [WARNING] Translation key not found: opsV2.errors.retry @ http://localhost:5173/src/i18n/context.tsx:52
[  167876ms] [WARNING] Translation key not found: opsV2.errors.retrying @ http://localhost:5173/src/i18n/context.tsx:52
[  167876ms] [WARNING] Translation key not found: opsV2.errors.retrying @ http://localhost:5173/src/i18n/context.tsx:52
[  170813ms] [WARNING] Translation key not found: opsV2.errors.apiError @ http://localhost:5173/src/i18n/context.tsx:52
[  170813ms] [WARNING] Translation key not found: opsV2.errors.retry @ http://localhost:5173/src/i18n/context.tsx:52
[  170813ms] [WARNING] Translation key not found: opsV2.errors.apiError @ http://localhost:5173/src/i18n/context.tsx:52
[  170813ms] [WARNING] Translation key not found: opsV2.errors.retry @ http://localhost:5173/src/i18n/context.tsx:52
[  170835ms] [WARNING] Translation key not found: opsV2.errors.apiError @ http://localhost:5173/src/i18n/context.tsx:52
[  170836ms] [WARNING] Translation key not found: opsV2.errors.retry @ http://localhost:5173/src/i18n/context.tsx:52
[  170836ms] [WARNING] Translation key not found: opsV2.errors.apiError @ http://localhost:5173/src/i18n/context.tsx:52
[  170836ms] [WARNING] Translation key not found: opsV2.errors.retry @ http://localhost:5173/src/i18n/context.tsx:52
[  170858ms] [WARNING] Translation key not found: opsV2.errors.retrying @ http://localhost:5173/src/i18n/context.tsx:52
[  170858ms] [WARNING] Translation key not found: opsV2.errors.retrying @ http://localhost:5173/src/i18n/context.tsx:52
[  170880ms] [WARNING] Translation key not found: opsV2.errors.apiError @ http://localhost:5173/src/i18n/context.tsx:52
[  170880ms] [WARNING] Translation key not found: opsV2.errors.retry @ http://localhost:5173/src/i18n/context.tsx:52
[  170880ms] [WARNING] Translation key not found: opsV2.errors.apiError @ http://localhost:5173/src/i18n/context.tsx:52
[  170880ms] [WARNING] Translation key not found: opsV2.errors.retry @ http://localhost:5173/src/i18n/context.tsx:52
[  170901ms] [WARNING] Translation key not found: opsV2.errors.apiError @ http://localhost:5173/src/i18n/context.tsx:52
[  170901ms] [WARNING] Translation key not found: opsV2.errors.retry @ http://localhost:5173/src/i18n/context.tsx:52
[  170901ms] [WARNING] Translation key not found: opsV2.errors.apiError @ http://localhost:5173/src/i18n/context.tsx:52
[  170901ms] [WARNING] Translation key not found: opsV2.errors.retry @ http://localhost:5173/src/i18n/context.tsx:52
[  170921ms] [WARNING] Translation key not found: opsV2.errors.retrying @ http://localhost:5173/src/i18n/context.tsx:52
[  170921ms] [WARNING] Translation key not found: opsV2.errors.retrying @ http://localhost:5173/src/i18n/context.tsx:52
[  173858ms] [WARNING] Translation key not found: opsV2.errors.apiError @ http://localhost:5173/src/i18n/context.tsx:52
[  173858ms] [WARNING] Translation key not found: opsV2.errors.retry @ http://localhost:5173/src/i18n/context.tsx:52
[  173859ms] [WARNING] Translation key not found: opsV2.errors.apiError @ http://localhost:5173/src/i18n/context.tsx:52
[  173859ms] [WARNING] Translation key not found: opsV2.errors.retry @ http://localhost:5173/src/i18n/context.tsx:52
[  173883ms] [WARNING] Translation key not found: opsV2.errors.apiError @ http://localhost:5173/src/i18n/context.tsx:52
[  173883ms] [WARNING] Translation key not found: opsV2.errors.retry @ http://localhost:5173/src/i18n/context.tsx:52
[  173883ms] [WARNING] Translation key not found: opsV2.errors.apiError @ http://localhost:5173/src/i18n/context.tsx:52
[  173883ms] [WARNING] Translation key not found: opsV2.errors.retry @ http://localhost:5173/src/i18n/context.tsx:52
[  173903ms] [WARNING] Translation key not found: opsV2.errors.retrying @ http://localhost:5173/src/i18n/context.tsx:52
[  173904ms] [WARNING] Translation key not found: opsV2.errors.retrying @ http://localhost:5173/src/i18n/context.tsx:52
[  173924ms] [WARNING] Translation key not found: opsV2.errors.apiError @ http://localhost:5173/src/i18n/context.tsx:52
[  173925ms] [WARNING] Translation key not found: opsV2.errors.retry @ http://localhost:5173/src/i18n/context.tsx:52
[  173925ms] [WARNING] Translation key not found: opsV2.errors.apiError @ http://localhost:5173/src/i18n/context.tsx:52
[  173925ms] [WARNING] Translation key not found: opsV2.errors.retry @ http://localhost:5173/src/i18n/context.tsx:52
[  173944ms] [WARNING] Translation key not found: opsV2.errors.apiError @ http://localhost:5173/src/i18n/context.tsx:52
[  173944ms] [WARNING] Translation key not found: opsV2.errors.retry @ http://localhost:5173/src/i18n/context.tsx:52
[  173945ms] [WARNING] Translation key not found: opsV2.errors.apiError @ http://localhost:5173/src/i18n/context.tsx:52
[  173945ms] [WARNING] Translation key not found: opsV2.errors.retry @ http://localhost:5173/src/i18n/context.tsx:52
[  173966ms] [WARNING] Translation key not found: opsV2.errors.retrying @ http://localhost:5173/src/i18n/context.tsx:52
[  173967ms] [WARNING] Translation key not found: opsV2.errors.retrying @ http://localhost:5173/src/i18n/context.tsx:52
[  176903ms] [WARNING] Translation key not found: opsV2.errors.apiError @ http://localhost:5173/src/i18n/context.tsx:52
[  176903ms] [WARNING] Translation key not found: opsV2.errors.retry @ http://localhost:5173/src/i18n/context.tsx:52
[  176903ms] [WARNING] Translation key not found: opsV2.errors.apiError @ http://localhost:5173/src/i18n/context.tsx:52
[  176904ms] [WARNING] Translation key not found: opsV2.errors.retry @ http://localhost:5173/src/i18n/context.tsx:52
[  176925ms] [WARNING] Translation key not found: opsV2.errors.apiError @ http://localhost:5173/src/i18n/context.tsx:52
[  176926ms] [WARNING] Translation key not found: opsV2.errors.retry @ http://localhost:5173/src/i18n/context.tsx:52
[  176926ms] [WARNING] Translation key not found: opsV2.errors.apiError @ http://localhost:5173/src/i18n/context.tsx:52
[  176926ms] [WARNING] Translation key not found: opsV2.errors.retry @ http://localhost:5173/src/i18n/context.tsx:52
[  176947ms] [WARNING] Translation key not found: opsV2.errors.retrying @ http://localhost:5173/src/i18n/context.tsx:52
[  176948ms] [WARNING] Translation key not found: opsV2.errors.retrying @ http://localhost:5173/src/i18n/context.tsx:52
[  176968ms] [WARNING] Translation key not found: opsV2.errors.apiError @ http://localhost:5173/src/i18n/context.tsx:52
[  176968ms] [WARNING] Translation key not found: opsV2.errors.retry @ http://localhost:5173/src/i18n/context.tsx:52
[  176968ms] [WARNING] Translation key not found: opsV2.errors.apiError @ http://localhost:5173/src/i18n/context.tsx:52
[  176968ms] [WARNING] Translation key not found: opsV2.errors.retry @ http://localhost:5173/src/i18n/context.tsx:52
[  176992ms] [WARNING] Translation key not found: opsV2.errors.apiError @ http://localhost:5173/src/i18n/context.tsx:52
[  176992ms] [WARNING] Translation key not found: opsV2.errors.retry @ http://localhost:5173/src/i18n/context.tsx:52
[  176992ms] [WARNING] Translation key not found: opsV2.errors.apiError @ http://localhost:5173/src/i18n/context.tsx:52
[  176992ms] [WARNING] Translation key not found: opsV2.errors.retry @ http://localhost:5173/src/i18n/context.tsx:52
[  177012ms] [WARNING] Translation key not found: opsV2.errors.retrying @ http://localhost:5173/src/i18n/context.tsx:52
[  177012ms] [WARNING] Translation key not found: opsV2.errors.retrying @ http://localhost:5173/src/i18n/context.tsx:52
[  179948ms] [WARNING] Translation key not found: opsV2.errors.apiError @ http://localhost:5173/src/i18n/context.tsx:52
[  179948ms] [WARNING] Translation key not found: opsV2.errors.retry @ http://localhost:5173/src/i18n/context.tsx:52
[  179948ms] [WARNING] Translation key not found: opsV2.errors.apiError @ http://localhost:5173/src/i18n/context.tsx:52
[  179948ms] [WARNING] Translation key not found: opsV2.errors.retry @ http://localhost:5173/src/i18n/context.tsx:52
[  179970ms] [WARNING] Translation key not found: opsV2.errors.apiError @ http://localhost:5173/src/i18n/context.tsx:52
[  179970ms] [WARNING] Translation key not found: opsV2.errors.retry @ http://localhost:5173/src/i18n/context.tsx:52
[  179971ms] [WARNING] Translation key not found: opsV2.errors.apiError @ http://localhost:5173/src/i18n/context.tsx:52
[  179971ms] [WARNING] Translation key not found: opsV2.errors.retry @ http://localhost:5173/src/i18n/context.tsx:52
[  179991ms] [WARNING] Translation key not found: opsV2.errors.retrying @ http://localhost:5173/src/i18n/context.tsx:52
[  179991ms] [WARNING] Translation key not found: opsV2.errors.retrying @ http://localhost:5173/src/i18n/context.tsx:52
[  180012ms] [WARNING] Translation key not found: opsV2.errors.apiError @ http://localhost:5173/src/i18n/context.tsx:52
[  180012ms] [WARNING] Translation key not found: opsV2.errors.retry @ http://localhost:5173/src/i18n/context.tsx:52
[  180013ms] [WARNING] Translation key not found: opsV2.errors.apiError @ http://localhost:5173/src/i18n/context.tsx:52
[  180013ms] [WARNING] Translation key not found: opsV2.errors.retry @ http://localhost:5173/src/i18n/context.tsx:52
[  180032ms] [WARNING] Translation key not found: opsV2.errors.apiError @ http://localhost:5173/src/i18n/context.tsx:52
[  180032ms] [WARNING] Translation key not found: opsV2.errors.retry @ http://localhost:5173/src/i18n/context.tsx:52
[  180033ms] [WARNING] Translation key not found: opsV2.errors.apiError @ http://localhost:5173/src/i18n/context.tsx:52
[  180033ms] [WARNING] Translation key not found: opsV2.errors.retry @ http://localhost:5173/src/i18n/context.tsx:52
[  180053ms] [WARNING] Translation key not found: opsV2.errors.retrying @ http://localhost:5173/src/i18n/context.tsx:52
[  180053ms] [WARNING] Translation key not found: opsV2.errors.retrying @ http://localhost:5173/src/i18n/context.tsx:52
[  182992ms] [WARNING] Translation key not found: opsV2.errors.apiError @ http://localhost:5173/src/i18n/context.tsx:52
[  182992ms] [WARNING] Translation key not found: opsV2.errors.retry @ http://localhost:5173/src/i18n/context.tsx:52
[  182992ms] [WARNING] Translation key not found: opsV2.errors.apiError @ http://localhost:5173/src/i18n/context.tsx:52
[  182992ms] [WARNING] Translation key not found: opsV2.errors.retry @ http://localhost:5173/src/i18n/context.tsx:52
[  183015ms] [WARNING] Translation key not found: opsV2.errors.apiError @ http://localhost:5173/src/i18n/context.tsx:52
[  183015ms] [WARNING] Translation key not found: opsV2.errors.retry @ http://localhost:5173/src/i18n/context.tsx:52
[  183016ms] [WARNING] Translation key not found: opsV2.errors.apiError @ http://localhost:5173/src/i18n/context.tsx:52
[  183016ms] [WARNING] Translation key not found: opsV2.errors.retry @ http://localhost:5173/src/i18n/context.tsx:52
[  183035ms] [WARNING] Translation key not found: opsV2.errors.retrying @ http://localhost:5173/src/i18n/context.tsx:52
[  183036ms] [WARNING] Translation key not found: opsV2.errors.retrying @ http://localhost:5173/src/i18n/context.tsx:52
[  183058ms] [WARNING] Translation key not found: opsV2.errors.apiError @ http://localhost:5173/src/i18n/context.tsx:52
[  183058ms] [WARNING] Translation key not found: opsV2.errors.retry @ http://localhost:5173/src/i18n/context.tsx:52
[  183058ms] [WARNING] Translation key not found: opsV2.errors.apiError @ http://localhost:5173/src/i18n/context.tsx:52
[  183058ms] [WARNING] Translation key not found: opsV2.errors.retry @ http://localhost:5173/src/i18n/context.tsx:52
[  183078ms] [WARNING] Translation key not found: opsV2.errors.apiError @ http://localhost:5173/src/i18n/context.tsx:52
[  183078ms] [WARNING] Translation key not found: opsV2.errors.retry @ http://localhost:5173/src/i18n/context.tsx:52
[  183078ms] [WARNING] Translation key not found: opsV2.errors.apiError @ http://localhost:5173/src/i18n/context.tsx:52
[  183078ms] [WARNING] Translation key not found: opsV2.errors.retry @ http://localhost:5173/src/i18n/context.tsx:52
[  183099ms] [WARNING] Translation key not found: opsV2.errors.retrying @ http://localhost:5173/src/i18n/context.tsx:52
[  183099ms] [WARNING] Translation key not found: opsV2.errors.retrying @ http://localhost:5173/src/i18n/context.tsx:52
[  186035ms] [WARNING] Translation key not found: opsV2.errors.apiError @ http://localhost:5173/src/i18n/context.tsx:52
[  186035ms] [WARNING] Translation key not found: opsV2.errors.retry @ http://localhost:5173/src/i18n/context.tsx:52
[  186035ms] [WARNING] Translation key not found: opsV2.errors.apiError @ http://localhost:5173/src/i18n/context.tsx:52
[  186035ms] [WARNING] Translation key not found: opsV2.errors.retry @ http://localhost:5173/src/i18n/context.tsx:52
[  186056ms] [WARNING] Translation key not found: opsV2.errors.apiError @ http://localhost:5173/src/i18n/context.tsx:52
[  186056ms] [WARNING] Translation key not found: opsV2.errors.retry @ http://localhost:5173/src/i18n/context.tsx:52
[  186056ms] [WARNING] Translation key not found: opsV2.errors.apiError @ http://localhost:5173/src/i18n/context.tsx:52
[  186056ms] [WARNING] Translation key not found: opsV2.errors.retry @ http://localhost:5173/src/i18n/context.tsx:52
[  186077ms] [WARNING] Translation key not found: opsV2.errors.retrying @ http://localhost:5173/src/i18n/context.tsx:52
[  186077ms] [WARNING] Translation key not found: opsV2.errors.retrying @ http://localhost:5173/src/i18n/context.tsx:52
[  186098ms] [WARNING] Translation key not found: opsV2.errors.apiError @ http://localhost:5173/src/i18n/context.tsx:52
[  186098ms] [WARNING] Translation key not found: opsV2.errors.retry @ http://localhost:5173/src/i18n/context.tsx:52
[  186099ms] [WARNING] Translation key not found: opsV2.errors.apiError @ http://localhost:5173/src/i18n/context.tsx:52
[  186099ms] [WARNING] Translation key not found: opsV2.errors.retry @ http://localhost:5173/src/i18n/context.tsx:52
[  186119ms] [WARNING] Translation key not found: opsV2.errors.apiError @ http://localhost:5173/src/i18n/context.tsx:52
[  186119ms] [WARNING] Translation key not found: opsV2.errors.retry @ http://localhost:5173/src/i18n/context.tsx:52
[  186119ms] [WARNING] Translation key not found: opsV2.errors.apiError @ http://localhost:5173/src/i18n/context.tsx:52
[  186119ms] [WARNING] Translation key not found: opsV2.errors.retry @ http://localhost:5173/src/i18n/context.tsx:52
[  186140ms] [WARNING] Translation key not found: opsV2.errors.retrying @ http://localhost:5173/src/i18n/context.tsx:52
[  186140ms] [WARNING] Translation key not found: opsV2.errors.retrying @ http://localhost:5173/src/i18n/context.tsx:52
[  189077ms] [WARNING] Translation key not found: opsV2.errors.apiError @ http://localhost:5173/src/i18n/context.tsx:52
[  189077ms] [WARNING] Translation key not found: opsV2.errors.retry @ http://localhost:5173/src/i18n/context.tsx:52
[  189078ms] [WARNING] Translation key not found: opsV2.errors.apiError @ http://localhost:5173/src/i18n/context.tsx:52
[  189078ms] [WARNING] Translation key not found: opsV2.errors.retry @ http://localhost:5173/src/i18n/context.tsx:52
[  189098ms] [WARNING] Translation key not found: opsV2.errors.apiError @ http://localhost:5173/src/i18n/context.tsx:52
[  189098ms] [WARNING] Translation key not found: opsV2.errors.retry @ http://localhost:5173/src/i18n/context.tsx:52
[  189099ms] [WARNING] Translation key not found: opsV2.errors.apiError @ http://localhost:5173/src/i18n/context.tsx:52
[  189099ms] [WARNING] Translation key not found: opsV2.errors.retry @ http://localhost:5173/src/i18n/context.tsx:52
[  189118ms] [WARNING] Translation key not found: opsV2.errors.retrying @ http://localhost:5173/src/i18n/context.tsx:52
[  189119ms] [WARNING] Translation key not found: opsV2.errors.retrying @ http://localhost:5173/src/i18n/context.tsx:52
[  189141ms] [WARNING] Translation key not found: opsV2.errors.apiError @ http://localhost:5173/src/i18n/context.tsx:52
[  189142ms] [WARNING] Translation key not found: opsV2.errors.retry @ http://localhost:5173/src/i18n/context.tsx:52
[  189142ms] [WARNING] Translation key not found: opsV2.errors.apiError @ http://localhost:5173/src/i18n/context.tsx:52
[  189142ms] [WARNING] Translation key not found: opsV2.errors.retry @ http://localhost:5173/src/i18n/context.tsx:52
[  189162ms] [WARNING] Translation key not found: opsV2.errors.apiError @ http://localhost:5173/src/i18n/context.tsx:52
[  189162ms] [WARNING] Translation key not found: opsV2.errors.retry @ http://localhost:5173/src/i18n/context.tsx:52
[  189166ms] [WARNING] Translation key not found: opsV2.errors.apiError @ http://localhost:5173/src/i18n/context.tsx:52
[  189166ms] [WARNING] Translation key not found: opsV2.errors.retry @ http://localhost:5173/src/i18n/context.tsx:52
[  189186ms] [WARNING] Translation key not found: opsV2.errors.retrying @ http://localhost:5173/src/i18n/context.tsx:52
[  189186ms] [WARNING] Translation key not found: opsV2.errors.retrying @ http://localhost:5173/src/i18n/context.tsx:52
[  192119ms] [WARNING] Translation key not found: opsV2.errors.apiError @ http://localhost:5173/src/i18n/context.tsx:52
[  192119ms] [WARNING] Translation key not found: opsV2.errors.retry @ http://localhost:5173/src/i18n/context.tsx:52
[  192119ms] [WARNING] Translation key not found: opsV2.errors.apiError @ http://localhost:5173/src/i18n/context.tsx:52
[  192119ms] [WARNING] Translation key not found: opsV2.errors.retry @ http://localhost:5173/src/i18n/context.tsx:52
[  192140ms] [WARNING] Translation key not found: opsV2.errors.apiError @ http://localhost:5173/src/i18n/context.tsx:52
[  192140ms] [WARNING] Translation key not found: opsV2.errors.retry @ http://localhost:5173/src/i18n/context.tsx:52
[  192140ms] [WARNING] Translation key not found: opsV2.errors.apiError @ http://localhost:5173/src/i18n/context.tsx:52
[  192141ms] [WARNING] Translation key not found: opsV2.errors.retry @ http://localhost:5173/src/i18n/context.tsx:52
[  192160ms] [WARNING] Translation key not found: opsV2.errors.retrying @ http://localhost:5173/src/i18n/context.tsx:52
[  192161ms] [WARNING] Translation key not found: opsV2.errors.retrying @ http://localhost:5173/src/i18n/context.tsx:52
[  192185ms] [WARNING] Translation key not found: opsV2.errors.apiError @ http://localhost:5173/src/i18n/context.tsx:52
[  192185ms] [WARNING] Translation key not found: opsV2.errors.retry @ http://localhost:5173/src/i18n/context.tsx:52
[  192186ms] [WARNING] Translation key not found: opsV2.errors.apiError @ http://localhost:5173/src/i18n/context.tsx:52
[  192186ms] [WARNING] Translation key not found: opsV2.errors.retry @ http://localhost:5173/src/i18n/context.tsx:52
[  192206ms] [WARNING] Translation key not found: opsV2.errors.apiError @ http://localhost:5173/src/i18n/context.tsx:52
[  192206ms] [WARNING] Translation key not found: opsV2.errors.retry @ http://localhost:5173/src/i18n/context.tsx:52
[  192206ms] [WARNING] Translation key not found: opsV2.errors.apiError @ http://localhost:5173/src/i18n/context.tsx:52
[  192206ms] [WARNING] Translation key not found: opsV2.errors.retry @ http://localhost:5173/src/i18n/context.tsx:52
[  192228ms] [WARNING] Translation key not found: opsV2.errors.retrying @ http://localhost:5173/src/i18n/context.tsx:52
[  192229ms] [WARNING] Translation key not found: opsV2.errors.retrying @ http://localhost:5173/src/i18n/context.tsx:52
[  195161ms] [WARNING] Translation key not found: opsV2.errors.apiError @ http://localhost:5173/src/i18n/context.tsx:52
[  195161ms] [WARNING] Translation key not found: opsV2.errors.retry @ http://localhost:5173/src/i18n/context.tsx:52
[  195161ms] [WARNING] Translation key not found: opsV2.errors.apiError @ http://localhost:5173/src/i18n/context.tsx:52
[  195161ms] [WARNING] Translation key not found: opsV2.errors.retry @ http://localhost:5173/src/i18n/context.tsx:52
[  195183ms] [WARNING] Translation key not found: opsV2.errors.apiError @ http://localhost:5173/src/i18n/context.tsx:52
[  195183ms] [WARNING] Translation key not found: opsV2.errors.retry @ http://localhost:5173/src/i18n/context.tsx:52
[  195183ms] [WARNING] Translation key not found: opsV2.errors.apiError @ http://localhost:5173/src/i18n/context.tsx:52
[  195183ms] [WARNING] Translation key not found: opsV2.errors.retry @ http://localhost:5173/src/i18n/context.tsx:52
[  195205ms] [WARNING] Translation key not found: opsV2.errors.retrying @ http://localhost:5173/src/i18n/context.tsx:52
[  195205ms] [WARNING] Translation key not found: opsV2.errors.retrying @ http://localhost:5173/src/i18n/context.tsx:52
[  195227ms] [WARNING] Translation key not found: opsV2.errors.apiError @ http://localhost:5173/src/i18n/context.tsx:52
[  195227ms] [WARNING] Translation key not found: opsV2.errors.retry @ http://localhost:5173/src/i18n/context.tsx:52
[  195228ms] [WARNING] Translation key not found: opsV2.errors.apiError @ http://localhost:5173/src/i18n/context.tsx:52
[  195228ms] [WARNING] Translation key not found: opsV2.errors.retry @ http://localhost:5173/src/i18n/context.tsx:52
[  195247ms] [WARNING] Translation key not found: opsV2.errors.apiError @ http://localhost:5173/src/i18n/context.tsx:52
[  195247ms] [WARNING] Translation key not found: opsV2.errors.retry @ http://localhost:5173/src/i18n/context.tsx:52
[  195247ms] [WARNING] Translation key not found: opsV2.errors.apiError @ http://localhost:5173/src/i18n/context.tsx:52
[  195247ms] [WARNING] Translation key not found: opsV2.errors.retry @ http://localhost:5173/src/i18n/context.tsx:52
[  195267ms] [WARNING] Translation key not found: opsV2.errors.retrying @ http://localhost:5173/src/i18n/context.tsx:52
[  195267ms] [WARNING] Translation key not found: opsV2.errors.retrying @ http://localhost:5173/src/i18n/context.tsx:52
[  198206ms] [WARNING] Translation key not found: opsV2.errors.apiError @ http://localhost:5173/src/i18n/context.tsx:52
[  198206ms] [WARNING] Translation key not found: opsV2.errors.retry @ http://localhost:5173/src/i18n/context.tsx:52
[  198206ms] [WARNING] Translation key not found: opsV2.errors.apiError @ http://localhost:5173/src/i18n/context.tsx:52
[  198206ms] [WARNING] Translation key not found: opsV2.errors.retry @ http://localhost:5173/src/i18n/context.tsx:52
[  198228ms] [WARNING] Translation key not found: opsV2.errors.apiError @ http://localhost:5173/src/i18n/context.tsx:52
[  198228ms] [WARNING] Translation key not found: opsV2.errors.retry @ http://localhost:5173/src/i18n/context.tsx:52
[  198229ms] [WARNING] Translation key not found: opsV2.errors.apiError @ http://localhost:5173/src/i18n/context.tsx:52
[  198229ms] [WARNING] Translation key not found: opsV2.errors.retry @ http://localhost:5173/src/i18n/context.tsx:52
[  198248ms] [WARNING] Translation key not found: opsV2.errors.retrying @ http://localhost:5173/src/i18n/context.tsx:52
[  198248ms] [WARNING] Translation key not found: opsV2.errors.retrying @ http://localhost:5173/src/i18n/context.tsx:52
[  198269ms] [WARNING] Translation key not found: opsV2.errors.apiError @ http://localhost:5173/src/i18n/context.tsx:52
[  198269ms] [WARNING] Translation key not found: opsV2.errors.retry @ http://localhost:5173/src/i18n/context.tsx:52
[  198270ms] [WARNING] Translation key not found: opsV2.errors.apiError @ http://localhost:5173/src/i18n/context.tsx:52
[  198270ms] [WARNING] Translation key not found: opsV2.errors.retry @ http://localhost:5173/src/i18n/context.tsx:52
[  198293ms] [WARNING] Translation key not found: opsV2.errors.apiError @ http://localhost:5173/src/i18n/context.tsx:52
[  198293ms] [WARNING] Translation key not found: opsV2.errors.retry @ http://localhost:5173/src/i18n/context.tsx:52
[  198294ms] [WARNING] Translation key not found: opsV2.errors.apiError @ http://localhost:5173/src/i18n/context.tsx:52
[  198294ms] [WARNING] Translation key not found: opsV2.errors.retry @ http://localhost:5173/src/i18n/context.tsx:52
[  198314ms] [WARNING] Translation key not found: opsV2.errors.retrying @ http://localhost:5173/src/i18n/context.tsx:52
[  198315ms] [WARNING] Translation key not found: opsV2.errors.retrying @ http://localhost:5173/src/i18n/context.tsx:52
[  201248ms] [WARNING] Translation key not found: opsV2.errors.apiError @ http://localhost:5173/src/i18n/context.tsx:52
[  201248ms] [WARNING] Translation key not found: opsV2.errors.retry @ http://localhost:5173/src/i18n/context.tsx:52
[  201248ms] [WARNING] Translation key not found: opsV2.errors.apiError @ http://localhost:5173/src/i18n/context.tsx:52
[  201248ms] [WARNING] Translation key not found: opsV2.errors.retry @ http://localhost:5173/src/i18n/context.tsx:52
[  201270ms] [WARNING] Translation key not found: opsV2.errors.apiError @ http://localhost:5173/src/i18n/context.tsx:52
[  201270ms] [WARNING] Translation key not found: opsV2.errors.retry @ http://localhost:5173/src/i18n/context.tsx:52
[  201270ms] [WARNING] Translation key not found: opsV2.errors.apiError @ http://localhost:5173/src/i18n/context.tsx:52
[  201270ms] [WARNING] Translation key not found: opsV2.errors.retry @ http://localhost:5173/src/i18n/context.tsx:52
[  201292ms] [WARNING] Translation key not found: opsV2.errors.retrying @ http://localhost:5173/src/i18n/context.tsx:52
[  201292ms] [WARNING] Translation key not found: opsV2.errors.retrying @ http://localhost:5173/src/i18n/context.tsx:52
[  201313ms] [WARNING] Translation key not found: opsV2.errors.apiError @ http://localhost:5173/src/i18n/context.tsx:52
[  201314ms] [WARNING] Translation key not found: opsV2.errors.retry @ http://localhost:5173/src/i18n/context.tsx:52
[  201314ms] [WARNING] Translation key not found: opsV2.errors.apiError @ http://localhost:5173/src/i18n/context.tsx:52
[  201314ms] [WARNING] Translation key not found: opsV2.errors.retry @ http://localhost:5173/src/i18n/context.tsx:52
[  201333ms] [WARNING] Translation key not found: opsV2.errors.apiError @ http://localhost:5173/src/i18n/context.tsx:52
[  201333ms] [WARNING] Translation key not found: opsV2.errors.retry @ http://localhost:5173/src/i18n/context.tsx:52
[  201333ms] [WARNING] Translation key not found: opsV2.errors.apiError @ http://localhost:5173/src/i18n/context.tsx:52
[  201333ms] [WARNING] Translation key not found: opsV2.errors.retry @ http://localhost:5173/src/i18n/context.tsx:52
[  201353ms] [WARNING] Translation key not found: opsV2.errors.retrying @ http://localhost:5173/src/i18n/context.tsx:52
[  201353ms] [WARNING] Translation key not found: opsV2.errors.retrying @ http://localhost:5173/src/i18n/context.tsx:52
[  204292ms] [WARNING] Translation key not found: opsV2.errors.apiError @ http://localhost:5173/src/i18n/context.tsx:52
[  204293ms] [WARNING] Translation key not found: opsV2.errors.retry @ http://localhost:5173/src/i18n/context.tsx:52
[  204293ms] [WARNING] Translation key not found: opsV2.errors.apiError @ http://localhost:5173/src/i18n/context.tsx:52
[  204293ms] [WARNING] Translation key not found: opsV2.errors.retry @ http://localhost:5173/src/i18n/context.tsx:52
[  204314ms] [WARNING] Translation key not found: opsV2.errors.apiError @ http://localhost:5173/src/i18n/context.tsx:52
[  204314ms] [WARNING] Translation key not found: opsV2.errors.retry @ http://localhost:5173/src/i18n/context.tsx:52
[  204315ms] [WARNING] Translation key not found: opsV2.errors.apiError @ http://localhost:5173/src/i18n/context.tsx:52
[  204315ms] [WARNING] Translation key not found: opsV2.errors.retry @ http://localhost:5173/src/i18n/context.tsx:52
[  204335ms] [WARNING] Translation key not found: opsV2.errors.retrying @ http://localhost:5173/src/i18n/context.tsx:52
[  204335ms] [WARNING] Translation key not found: opsV2.errors.retrying @ http://localhost:5173/src/i18n/context.tsx:52
[  204357ms] [WARNING] Translation key not found: opsV2.errors.apiError @ http://localhost:5173/src/i18n/context.tsx:52
[  204357ms] [WARNING] Translation key not found: opsV2.errors.retry @ http://localhost:5173/src/i18n/context.tsx:52
[  204357ms] [WARNING] Translation key not found: opsV2.errors.apiError @ http://localhost:5173/src/i18n/context.tsx:52
[  204357ms] [WARNING] Translation key not found: opsV2.errors.retry @ http://localhost:5173/src/i18n/context.tsx:52
[  204381ms] [WARNING] Translation key not found: opsV2.errors.apiError @ http://localhost:5173/src/i18n/context.tsx:52
[  204381ms] [WARNING] Translation key not found: opsV2.errors.retry @ http://localhost:5173/src/i18n/context.tsx:52
[  204381ms] [WARNING] Translation key not found: opsV2.errors.apiError @ http://localhost:5173/src/i18n/context.tsx:52
[  204381ms] [WARNING] Translation key not found: opsV2.errors.retry @ http://localhost:5173/src/i18n/context.tsx:52
[  204403ms] [WARNING] Translation key not found: opsV2.errors.retrying @ http://localhost:5173/src/i18n/context.tsx:52
[  204403ms] [WARNING] Translation key not found: opsV2.errors.retrying @ http://localhost:5173/src/i18n/context.tsx:52
[  205058ms] [ERROR] Failed to load resource: the server responded with a status of 500 (Internal Server Error) @ http://localhost:5173/health:0
[  207335ms] [WARNING] Translation key not found: opsV2.errors.apiError @ http://localhost:5173/src/i18n/context.tsx:52
[  207335ms] [WARNING] Translation key not found: opsV2.errors.retry @ http://localhost:5173/src/i18n/context.tsx:52
[  207336ms] [WARNING] Translation key not found: opsV2.errors.apiError @ http://localhost:5173/src/i18n/context.tsx:52
[  207336ms] [WARNING] Translation key not found: opsV2.errors.retry @ http://localhost:5173/src/i18n/context.tsx:52
[  207357ms] [WARNING] Translation key not found: opsV2.errors.apiError @ http://localhost:5173/src/i18n/context.tsx:52
[  207357ms] [WARNING] Translation key not found: opsV2.errors.retry @ http://localhost:5173/src/i18n/context.tsx:52
[  207357ms] [WARNING] Translation key not found: opsV2.errors.apiError @ http://localhost:5173/src/i18n/context.tsx:52
[  207357ms] [WARNING] Translation key not found: opsV2.errors.retry @ http://localhost:5173/src/i18n/context.tsx:52
[  207379ms] [WARNING] Translation key not found: opsV2.errors.retrying @ http://localhost:5173/src/i18n/context.tsx:52
[  207379ms] [WARNING] Translation key not found: opsV2.errors.retrying @ http://localhost:5173/src/i18n/context.tsx:52
[  207402ms] [WARNING] Translation key not found: opsV2.errors.apiError @ http://localhost:5173/src/i18n/context.tsx:52
[  207403ms] [WARNING] Translation key not found: opsV2.errors.retry @ http://localhost:5173/src/i18n/context.tsx:52
[  207403ms] [WARNING] Translation key not found: opsV2.errors.apiError @ http://localhost:5173/src/i18n/context.tsx:52
[  207403ms] [WARNING] Translation key not found: opsV2.errors.retry @ http://localhost:5173/src/i18n/context.tsx:52
[  207423ms] [WARNING] Translation key not found: opsV2.errors.apiError @ http://localhost:5173/src/i18n/context.tsx:52
[  207423ms] [WARNING] Translation key not found: opsV2.errors.retry @ http://localhost:5173/src/i18n/context.tsx:52
[  207423ms] [WARNING] Translation key not found: opsV2.errors.apiError @ http://localhost:5173/src/i18n/context.tsx:52
[  207423ms] [WARNING] Translation key not found: opsV2.errors.retry @ http://localhost:5173/src/i18n/context.tsx:52
[  207444ms] [WARNING] Translation key not found: opsV2.errors.retrying @ http://localhost:5173/src/i18n/context.tsx:52
[  207444ms] [WARNING] Translation key not found: opsV2.errors.retrying @ http://localhost:5173/src/i18n/context.tsx:52
[  210379ms] [WARNING] Translation key not found: opsV2.errors.apiError @ http://localhost:5173/src/i18n/context.tsx:52
[  210379ms] [WARNING] Translation key not found: opsV2.errors.retry @ http://localhost:5173/src/i18n/context.tsx:52
[  210379ms] [WARNING] Translation key not found: opsV2.errors.apiError @ http://localhost:5173/src/i18n/context.tsx:52
[  210379ms] [WARNING] Translation key not found: opsV2.errors.retry @ http://localhost:5173/src/i18n/context.tsx:52
[  210400ms] [WARNING] Translation key not found: opsV2.errors.apiError @ http://localhost:5173/src/i18n/context.tsx:52
[  210400ms] [WARNING] Translation key not found: opsV2.errors.retry @ http://localhost:5173/src/i18n/context.tsx:52
[  210400ms] [WARNING] Translation key not found: opsV2.errors.apiError @ http://localhost:5173/src/i18n/context.tsx:52
[  210401ms] [WARNING] Translation key not found: opsV2.errors.retry @ http://localhost:5173/src/i18n/context.tsx:52
[  210421ms] [WARNING] Translation key not found: opsV2.errors.retrying @ http://localhost:5173/src/i18n/context.tsx:52
[  210421ms] [WARNING] Translation key not found: opsV2.errors.retrying @ http://localhost:5173/src/i18n/context.tsx:52
[  210443ms] [WARNING] Translation key not found: opsV2.errors.apiError @ http://localhost:5173/src/i18n/context.tsx:52
[  210443ms] [WARNING] Translation key not found: opsV2.errors.retry @ http://localhost:5173/src/i18n/context.tsx:52
[  210444ms] [WARNING] Translation key not found: opsV2.errors.apiError @ http://localhost:5173/src/i18n/context.tsx:52
[  210444ms] [WARNING] Translation key not found: opsV2.errors.retry @ http://localhost:5173/src/i18n/context.tsx:52
[  210464ms] [WARNING] Translation key not found: opsV2.errors.apiError @ http://localhost:5173/src/i18n/context.tsx:52
[  210464ms] [WARNING] Translation key not found: opsV2.errors.retry @ http://localhost:5173/src/i18n/context.tsx:52
[  210464ms] [WARNING] Translation key not found: opsV2.errors.apiError @ http://localhost:5173/src/i18n/context.tsx:52
[  210464ms] [WARNING] Translation key not found: opsV2.errors.retry @ http://localhost:5173/src/i18n/context.tsx:52
[  210484ms] [WARNING] Translation key not found: opsV2.errors.retrying @ http://localhost:5173/src/i18n/context.tsx:52
[  210484ms] [WARNING] Translation key not found: opsV2.errors.retrying @ http://localhost:5173/src/i18n/context.tsx:52
[  213421ms] [WARNING] Translation key not found: opsV2.errors.apiError @ http://localhost:5173/src/i18n/context.tsx:52
[  213421ms] [WARNING] Translation key not found: opsV2.errors.retry @ http://localhost:5173/src/i18n/context.tsx:52
[  213422ms] [WARNING] Translation key not found: opsV2.errors.apiError @ http://localhost:5173/src/i18n/context.tsx:52
[  213422ms] [WARNING] Translation key not found: opsV2.errors.retry @ http://localhost:5173/src/i18n/context.tsx:52
[  213445ms] [WARNING] Translation key not found: opsV2.errors.apiError @ http://localhost:5173/src/i18n/context.tsx:52
[  213445ms] [WARNING] Translation key not found: opsV2.errors.retry @ http://localhost:5173/src/i18n/context.tsx:52
[  213445ms] [WARNING] Translation key not found: opsV2.errors.apiError @ http://localhost:5173/src/i18n/context.tsx:52
[  213445ms] [WARNING] Translation key not found: opsV2.errors.retry @ http://localhost:5173/src/i18n/context.tsx:52
[  213465ms] [WARNING] Translation key not found: opsV2.errors.retrying @ http://localhost:5173/src/i18n/context.tsx:52
[  213465ms] [WARNING] Translation key not found: opsV2.errors.retrying @ http://localhost:5173/src/i18n/context.tsx:52
[  213485ms] [WARNING] Translation key not found: opsV2.errors.apiError @ http://localhost:5173/src/i18n/context.tsx:52
[  213485ms] [WARNING] Translation key not found: opsV2.errors.retry @ http://localhost:5173/src/i18n/context.tsx:52
[  213486ms] [WARNING] Translation key not found: opsV2.errors.apiError @ http://localhost:5173/src/i18n/context.tsx:52
[  213486ms] [WARNING] Translation key not found: opsV2.errors.retry @ http://localhost:5173/src/i18n/context.tsx:52
[  213506ms] [WARNING] Translation key not found: opsV2.errors.apiError @ http://localhost:5173/src/i18n/context.tsx:52
[  213506ms] [WARNING] Translation key not found: opsV2.errors.retry @ http://localhost:5173/src/i18n/context.tsx:52
[  213506ms] [WARNING] Translation key not found: opsV2.errors.apiError @ http://localhost:5173/src/i18n/context.tsx:52
[  213506ms] [WARNING] Translation key not found: opsV2.errors.retry @ http://localhost:5173/src/i18n/context.tsx:52
[  213526ms] [WARNING] Translation key not found: opsV2.errors.retrying @ http://localhost:5173/src/i18n/context.tsx:52
[  213527ms] [WARNING] Translation key not found: opsV2.errors.retrying @ http://localhost:5173/src/i18n/context.tsx:52
[  216465ms] [WARNING] Translation key not found: opsV2.errors.apiError @ http://localhost:5173/src/i18n/context.tsx:52
[  216465ms] [WARNING] Translation key not found: opsV2.errors.retry @ http://localhost:5173/src/i18n/context.tsx:52
[  216465ms] [WARNING] Translation key not found: opsV2.errors.apiError @ http://localhost:5173/src/i18n/context.tsx:52
[  216465ms] [WARNING] Translation key not found: opsV2.errors.retry @ http://localhost:5173/src/i18n/context.tsx:52
[  216486ms] [WARNING] Translation key not found: opsV2.errors.apiError @ http://localhost:5173/src/i18n/context.tsx:52
[  216486ms] [WARNING] Translation key not found: opsV2.errors.retry @ http://localhost:5173/src/i18n/context.tsx:52
[  216486ms] [WARNING] Translation key not found: opsV2.errors.apiError @ http://localhost:5173/src/i18n/context.tsx:52
[  216486ms] [WARNING] Translation key not found: opsV2.errors.retry @ http://localhost:5173/src/i18n/context.tsx:52
[  216507ms] [WARNING] Translation key not found: opsV2.errors.retrying @ http://localhost:5173/src/i18n/context.tsx:52
[  216508ms] [WARNING] Translation key not found: opsV2.errors.retrying @ http://localhost:5173/src/i18n/context.tsx:52
[  216530ms] [WARNING] Translation key not found: opsV2.errors.apiError @ http://localhost:5173/src/i18n/context.tsx:52
[  216530ms] [WARNING] Translation key not found: opsV2.errors.retry @ http://localhost:5173/src/i18n/context.tsx:52
[  216530ms] [WARNING] Translation key not found: opsV2.errors.apiError @ http://localhost:5173/src/i18n/context.tsx:52
[  216530ms] [WARNING] Translation key not found: opsV2.errors.retry @ http://localhost:5173/src/i18n/context.tsx:52
[  216550ms] [WARNING] Translation key not found: opsV2.errors.apiError @ http://localhost:5173/src/i18n/context.tsx:52
[  216553ms] [WARNING] Translation key not found: opsV2.errors.retry @ http://localhost:5173/src/i18n/context.tsx:52
[  216554ms] [WARNING] Translation key not found: opsV2.errors.apiError @ http://localhost:5173/src/i18n/context.tsx:52
[  216554ms] [WARNING] Translation key not found: opsV2.errors.retry @ http://localhost:5173/src/i18n/context.tsx:52
[  216575ms] [WARNING] Translation key not found: opsV2.errors.retrying @ http://localhost:5173/src/i18n/context.tsx:52
[  216575ms] [WARNING] Translation key not found: opsV2.errors.retrying @ http://localhost:5173/src/i18n/context.tsx:52
[  219508ms] [WARNING] Translation key not found: opsV2.errors.apiError @ http://localhost:5173/src/i18n/context.tsx:52
[  219508ms] [WARNING] Translation key not found: opsV2.errors.retry @ http://localhost:5173/src/i18n/context.tsx:52
[  219508ms] [WARNING] Translation key not found: opsV2.errors.apiError @ http://localhost:5173/src/i18n/context.tsx:52
[  219508ms] [WARNING] Translation key not found: opsV2.errors.retry @ http://localhost:5173/src/i18n/context.tsx:52
[  219530ms] [WARNING] Translation key not found: opsV2.errors.apiError @ http://localhost:5173/src/i18n/context.tsx:52
[  219530ms] [WARNING] Translation key not found: opsV2.errors.retry @ http://localhost:5173/src/i18n/context.tsx:52
[  219530ms] [WARNING] Translation key not found: opsV2.errors.apiError @ http://localhost:5173/src/i18n/context.tsx:52
[  219531ms] [WARNING] Translation key not found: opsV2.errors.retry @ http://localhost:5173/src/i18n/context.tsx:52
[  219550ms] [WARNING] Translation key not found: opsV2.errors.retrying @ http://localhost:5173/src/i18n/context.tsx:52
[  219550ms] [WARNING] Translation key not found: opsV2.errors.retrying @ http://localhost:5173/src/i18n/context.tsx:52
[  219574ms] [WARNING] Translation key not found: opsV2.errors.apiError @ http://localhost:5173/src/i18n/context.tsx:52
[  219574ms] [WARNING] Translation key not found: opsV2.errors.retry @ http://localhost:5173/src/i18n/context.tsx:52
[  219574ms] [WARNING] Translation key not found: opsV2.errors.apiError @ http://localhost:5173/src/i18n/context.tsx:52
[  219574ms] [WARNING] Translation key not found: opsV2.errors.retry @ http://localhost:5173/src/i18n/context.tsx:52
[  219595ms] [WARNING] Translation key not found: opsV2.errors.apiError @ http://localhost:5173/src/i18n/context.tsx:52
[  219595ms] [WARNING] Translation key not found: opsV2.errors.retry @ http://localhost:5173/src/i18n/context.tsx:52
[  219595ms] [WARNING] Translation key not found: opsV2.errors.apiError @ http://localhost:5173/src/i18n/context.tsx:52
[  219596ms] [WARNING] Translation key not found: opsV2.errors.retry @ http://localhost:5173/src/i18n/context.tsx:52
[  219616ms] [WARNING] Translation key not found: opsV2.errors.retrying @ http://localhost:5173/src/i18n/context.tsx:52
[  219617ms] [WARNING] Translation key not found: opsV2.errors.retrying @ http://localhost:5173/src/i18n/context.tsx:52
[  222550ms] [WARNING] Translation key not found: opsV2.errors.apiError @ http://localhost:5173/src/i18n/context.tsx:52
[  222550ms] [WARNING] Translation key not found: opsV2.errors.retry @ http://localhost:5173/src/i18n/context.tsx:52
[  222550ms] [WARNING] Translation key not found: opsV2.errors.apiError @ http://localhost:5173/src/i18n/context.tsx:52
[  222550ms] [WARNING] Translation key not found: opsV2.errors.retry @ http://localhost:5173/src/i18n/context.tsx:52
[  222571ms] [WARNING] Translation key not found: opsV2.errors.apiError @ http://localhost:5173/src/i18n/context.tsx:52
[  222571ms] [WARNING] Translation key not found: opsV2.errors.retry @ http://localhost:5173/src/i18n/context.tsx:52
[  222571ms] [WARNING] Translation key not found: opsV2.errors.apiError @ http://localhost:5173/src/i18n/context.tsx:52
[  222571ms] [WARNING] Translation key not found: opsV2.errors.retry @ http://localhost:5173/src/i18n/context.tsx:52
[  222593ms] [WARNING] Translation key not found: opsV2.errors.retrying @ http://localhost:5173/src/i18n/context.tsx:52
[  222594ms] [WARNING] Translation key not found: opsV2.errors.retrying @ http://localhost:5173/src/i18n/context.tsx:52
[  222615ms] [WARNING] Translation key not found: opsV2.errors.apiError @ http://localhost:5173/src/i18n/context.tsx:52
[  222616ms] [WARNING] Translation key not found: opsV2.errors.retry @ http://localhost:5173/src/i18n/context.tsx:52
[  222616ms] [WARNING] Translation key not found: opsV2.errors.apiError @ http://localhost:5173/src/i18n/context.tsx:52
[  222616ms] [WARNING] Translation key not found: opsV2.errors.retry @ http://localhost:5173/src/i18n/context.tsx:52
[  222635ms] [WARNING] Translation key not found: opsV2.errors.apiError @ http://localhost:5173/src/i18n/context.tsx:52
[  222635ms] [WARNING] Translation key not found: opsV2.errors.retry @ http://localhost:5173/src/i18n/context.tsx:52
[  222636ms] [WARNING] Translation key not found: opsV2.errors.apiError @ http://localhost:5173/src/i18n/context.tsx:52
[  222636ms] [WARNING] Translation key not found: opsV2.errors.retry @ http://localhost:5173/src/i18n/context.tsx:52
[  222657ms] [WARNING] Translation key not found: opsV2.errors.retrying @ http://localhost:5173/src/i18n/context.tsx:52
[  222658ms] [WARNING] Translation key not found: opsV2.errors.retrying @ http://localhost:5173/src/i18n/context.tsx:52
[  225594ms] [WARNING] Translation key not found: opsV2.errors.apiError @ http://localhost:5173/src/i18n/context.tsx:52
[  225594ms] [WARNING] Translation key not found: opsV2.errors.retry @ http://localhost:5173/src/i18n/context.tsx:52
[  225594ms] [WARNING] Translation key not found: opsV2.errors.apiError @ http://localhost:5173/src/i18n/context.tsx:52
[  225594ms] [WARNING] Translation key not found: opsV2.errors.retry @ http://localhost:5173/src/i18n/context.tsx:52
[  225616ms] [WARNING] Translation key not found: opsV2.errors.apiError @ http://localhost:5173/src/i18n/context.tsx:52
[  225616ms] [WARNING] Translation key not found: opsV2.errors.retry @ http://localhost:5173/src/i18n/context.tsx:52
[  225616ms] [WARNING] Translation key not found: opsV2.errors.apiError @ http://localhost:5173/src/i18n/context.tsx:52
[  225616ms] [WARNING] Translation key not found: opsV2.errors.retry @ http://localhost:5173/src/i18n/context.tsx:52
[  225636ms] [WARNING] Translation key not found: opsV2.errors.retrying @ http://localhost:5173/src/i18n/context.tsx:52
[  225636ms] [WARNING] Translation key not found: opsV2.errors.retrying @ http://localhost:5173/src/i18n/context.tsx:52
[  225657ms] [WARNING] Translation key not found: opsV2.errors.apiError @ http://localhost:5173/src/i18n/context.tsx:52
[  225657ms] [WARNING] Translation key not found: opsV2.errors.retry @ http://localhost:5173/src/i18n/context.tsx:52
[  225657ms] [WARNING] Translation key not found: opsV2.errors.apiError @ http://localhost:5173/src/i18n/context.tsx:52
[  225657ms] [WARNING] Translation key not found: opsV2.errors.retry @ http://localhost:5173/src/i18n/context.tsx:52
[  225677ms] [WARNING] Translation key not found: opsV2.errors.apiError @ http://localhost:5173/src/i18n/context.tsx:52
[  225677ms] [WARNING] Translation key not found: opsV2.errors.retry @ http://localhost:5173/src/i18n/context.tsx:52
[  225678ms] [WARNING] Translation key not found: opsV2.errors.apiError @ http://localhost:5173/src/i18n/context.tsx:52
[  225678ms] [WARNING] Translation key not found: opsV2.errors.retry @ http://localhost:5173/src/i18n/context.tsx:52
[  225698ms] [WARNING] Translation key not found: opsV2.errors.retrying @ http://localhost:5173/src/i18n/context.tsx:52
[  225698ms] [WARNING] Translation key not found: opsV2.errors.retrying @ http://localhost:5173/src/i18n/context.tsx:52
[  228636ms] [WARNING] Translation key not found: opsV2.errors.apiError @ http://localhost:5173/src/i18n/context.tsx:52
[  228636ms] [WARNING] Translation key not found: opsV2.errors.retry @ http://localhost:5173/src/i18n/context.tsx:52
[  228637ms] [WARNING] Translation key not found: opsV2.errors.apiError @ http://localhost:5173/src/i18n/context.tsx:52
[  228637ms] [WARNING] Translation key not found: opsV2.errors.retry @ http://localhost:5173/src/i18n/context.tsx:52
[  228661ms] [WARNING] Translation key not found: opsV2.errors.apiError @ http://localhost:5173/src/i18n/context.tsx:52
[  228661ms] [WARNING] Translation key not found: opsV2.errors.retry @ http://localhost:5173/src/i18n/context.tsx:52
[  228661ms] [WARNING] Translation key not found: opsV2.errors.apiError @ http://localhost:5173/src/i18n/context.tsx:52
[  228661ms] [WARNING] Translation key not found: opsV2.errors.retry @ http://localhost:5173/src/i18n/context.tsx:52
[  228682ms] [WARNING] Translation key not found: opsV2.errors.retrying @ http://localhost:5173/src/i18n/context.tsx:52
[  228682ms] [WARNING] Translation key not found: opsV2.errors.retrying @ http://localhost:5173/src/i18n/context.tsx:52
[  228702ms] [WARNING] Translation key not found: opsV2.errors.apiError @ http://localhost:5173/src/i18n/context.tsx:52
[  228702ms] [WARNING] Translation key not found: opsV2.errors.retry @ http://localhost:5173/src/i18n/context.tsx:52
[  228702ms] [WARNING] Translation key not found: opsV2.errors.apiError @ http://localhost:5173/src/i18n/context.tsx:52
[  228702ms] [WARNING] Translation key not found: opsV2.errors.retry @ http://localhost:5173/src/i18n/context.tsx:52
[  228724ms] [WARNING] Translation key not found: opsV2.errors.apiError @ http://localhost:5173/src/i18n/context.tsx:52
[  228724ms] [WARNING] Translation key not found: opsV2.errors.retry @ http://localhost:5173/src/i18n/context.tsx:52
[  228728ms] [WARNING] Translation key not found: opsV2.errors.apiError @ http://localhost:5173/src/i18n/context.tsx:52
[  228728ms] [WARNING] Translation key not found: opsV2.errors.retry @ http://localhost:5173/src/i18n/context.tsx:52
[  228750ms] [WARNING] Translation key not found: opsV2.errors.retrying @ http://localhost:5173/src/i18n/context.tsx:52
[  228750ms] [WARNING] Translation key not found: opsV2.errors.retrying @ http://localhost:5173/src/i18n/context.tsx:52
[  231681ms] [WARNING] Translation key not found: opsV2.errors.apiError @ http://localhost:5173/src/i18n/context.tsx:52
[  231681ms] [WARNING] Translation key not found: opsV2.errors.retry @ http://localhost:5173/src/i18n/context.tsx:52
[  231682ms] [WARNING] Translation key not found: opsV2.errors.apiError @ http://localhost:5173/src/i18n/context.tsx:52
[  231682ms] [WARNING] Translation key not found: opsV2.errors.retry @ http://localhost:5173/src/i18n/context.tsx:52
[  231704ms] [WARNING] Translation key not found: opsV2.errors.apiError @ http://localhost:5173/src/i18n/context.tsx:52
[  231704ms] [WARNING] Translation key not found: opsV2.errors.retry @ http://localhost:5173/src/i18n/context.tsx:52
[  231704ms] [WARNING] Translation key not found: opsV2.errors.apiError @ http://localhost:5173/src/i18n/context.tsx:52
[  231704ms] [WARNING] Translation key not found: opsV2.errors.retry @ http://localhost:5173/src/i18n/context.tsx:52
[  231725ms] [WARNING] Translation key not found: opsV2.errors.retrying @ http://localhost:5173/src/i18n/context.tsx:52
[  231726ms] [WARNING] Translation key not found: opsV2.errors.retrying @ http://localhost:5173/src/i18n/context.tsx:52
[  231749ms] [WARNING] Translation key not found: opsV2.errors.apiError @ http://localhost:5173/src/i18n/context.tsx:52
[  231749ms] [WARNING] Translation key not found: opsV2.errors.retry @ http://localhost:5173/src/i18n/context.tsx:52
[  231749ms] [WARNING] Translation key not found: opsV2.errors.apiError @ http://localhost:5173/src/i18n/context.tsx:52
[  231749ms] [WARNING] Translation key not found: opsV2.errors.retry @ http://localhost:5173/src/i18n/context.tsx:52
[  231769ms] [WARNING] Translation key not found: opsV2.errors.apiError @ http://localhost:5173/src/i18n/context.tsx:52
[  231769ms] [WARNING] Translation key not found: opsV2.errors.retry @ http://localhost:5173/src/i18n/context.tsx:52
[  231769ms] [WARNING] Translation key not found: opsV2.errors.apiError @ http://localhost:5173/src/i18n/context.tsx:52
[  231769ms] [WARNING] Translation key not found: opsV2.errors.retry @ http://localhost:5173/src/i18n/context.tsx:52
[  231789ms] [WARNING] Translation key not found: opsV2.errors.retrying @ http://localhost:5173/src/i18n/context.tsx:52
[  231789ms] [WARNING] Translation key not found: opsV2.errors.retrying @ http://localhost:5173/src/i18n/context.tsx:52
[  234726ms] [WARNING] Translation key not found: opsV2.errors.apiError @ http://localhost:5173/src/i18n/context.tsx:52
[  234726ms] [WARNING] Translation key not found: opsV2.errors.retry @ http://localhost:5173/src/i18n/context.tsx:52
[  234726ms] [WARNING] Translation key not found: opsV2.errors.apiError @ http://localhost:5173/src/i18n/context.tsx:52
[  234726ms] [WARNING] Translation key not found: opsV2.errors.retry @ http://localhost:5173/src/i18n/context.tsx:52
[  234748ms] [WARNING] Translation key not found: opsV2.errors.apiError @ http://localhost:5173/src/i18n/context.tsx:52
[  234748ms] [WARNING] Translation key not found: opsV2.errors.retry @ http://localhost:5173/src/i18n/context.tsx:52
[  234748ms] [WARNING] Translation key not found: opsV2.errors.apiError @ http://localhost:5173/src/i18n/context.tsx:52
[  234748ms] [WARNING] Translation key not found: opsV2.errors.retry @ http://localhost:5173/src/i18n/context.tsx:52
[  234769ms] [WARNING] Translation key not found: opsV2.errors.retrying @ http://localhost:5173/src/i18n/context.tsx:52
[  234770ms] [WARNING] Translation key not found: opsV2.errors.retrying @ http://localhost:5173/src/i18n/context.tsx:52
[  234790ms] [WARNING] Translation key not found: opsV2.errors.apiError @ http://localhost:5173/src/i18n/context.tsx:52
[  234790ms] [WARNING] Translation key not found: opsV2.errors.retry @ http://localhost:5173/src/i18n/context.tsx:52
[  234790ms] [WARNING] Translation key not found: opsV2.errors.apiError @ http://localhost:5173/src/i18n/context.tsx:52
[  234790ms] [WARNING] Translation key not found: opsV2.errors.retry @ http://localhost:5173/src/i18n/context.tsx:52
[  234809ms] [WARNING] Translation key not found: opsV2.errors.apiError @ http://localhost:5173/src/i18n/context.tsx:52
[  234809ms] [WARNING] Translation key not found: opsV2.errors.retry @ http://localhost:5173/src/i18n/context.tsx:52
[  234809ms] [WARNING] Translation key not found: opsV2.errors.apiError @ http://localhost:5173/src/i18n/context.tsx:52
[  234810ms] [WARNING] Translation key not found: opsV2.errors.retry @ http://localhost:5173/src/i18n/context.tsx:52
[  234829ms] [WARNING] Translation key not found: opsV2.errors.retrying @ http://localhost:5173/src/i18n/context.tsx:52
[  234829ms] [WARNING] Translation key not found: opsV2.errors.retrying @ http://localhost:5173/src/i18n/context.tsx:52
[  237770ms] [WARNING] Translation key not found: opsV2.errors.apiError @ http://localhost:5173/src/i18n/context.tsx:52
[  237770ms] [WARNING] Translation key not found: opsV2.errors.retry @ http://localhost:5173/src/i18n/context.tsx:52
[  237771ms] [WARNING] Translation key not found: opsV2.errors.apiError @ http://localhost:5173/src/i18n/context.tsx:52
[  237771ms] [WARNING] Translation key not found: opsV2.errors.retry @ http://localhost:5173/src/i18n/context.tsx:52
[  237794ms] [WARNING] Translation key not found: opsV2.errors.apiError @ http://localhost:5173/src/i18n/context.tsx:52
[  237794ms] [WARNING] Translation key not found: opsV2.errors.retry @ http://localhost:5173/src/i18n/context.tsx:52
[  237794ms] [WARNING] Translation key not found: opsV2.errors.apiError @ http://localhost:5173/src/i18n/context.tsx:52
[  237794ms] [WARNING] Translation key not found: opsV2.errors.retry @ http://localhost:5173/src/i18n/context.tsx:52
[  237813ms] [WARNING] Translation key not found: opsV2.errors.retrying @ http://localhost:5173/src/i18n/context.tsx:52
[  237813ms] [WARNING] Translation key not found: opsV2.errors.retrying @ http://localhost:5173/src/i18n/context.tsx:52
[  237833ms] [WARNING] Translation key not found: opsV2.errors.apiError @ http://localhost:5173/src/i18n/context.tsx:52
[  237833ms] [WARNING] Translation key not found: opsV2.errors.retry @ http://localhost:5173/src/i18n/context.tsx:52
[  237833ms] [WARNING] Translation key not found: opsV2.errors.apiError @ http://localhost:5173/src/i18n/context.tsx:52
[  237833ms] [WARNING] Translation key not found: opsV2.errors.retry @ http://localhost:5173/src/i18n/context.tsx:52
[  237853ms] [WARNING] Translation key not found: opsV2.errors.apiError @ http://localhost:5173/src/i18n/context.tsx:52
[  237853ms] [WARNING] Translation key not found: opsV2.errors.retry @ http://localhost:5173/src/i18n/context.tsx:52
[  237853ms] [WARNING] Translation key not found: opsV2.errors.apiError @ http://localhost:5173/src/i18n/context.tsx:52
[  237853ms] [WARNING] Translation key not found: opsV2.errors.retry @ http://localhost:5173/src/i18n/context.tsx:52
[  237873ms] [WARNING] Translation key not found: opsV2.errors.retrying @ http://localhost:5173/src/i18n/context.tsx:52
[  237873ms] [WARNING] Translation key not found: opsV2.errors.retrying @ http://localhost:5173/src/i18n/context.tsx:52
[  240812ms] [WARNING] Translation key not found: opsV2.errors.apiError @ http://localhost:5173/src/i18n/context.tsx:52
[  240812ms] [WARNING] Translation key not found: opsV2.errors.retry @ http://localhost:5173/src/i18n/context.tsx:52
[  240813ms] [WARNING] Translation key not found: opsV2.errors.apiError @ http://localhost:5173/src/i18n/context.tsx:52
[  240813ms] [WARNING] Translation key not found: opsV2.errors.retry @ http://localhost:5173/src/i18n/context.tsx:52
[  240832ms] [WARNING] Translation key not found: opsV2.errors.apiError @ http://localhost:5173/src/i18n/context.tsx:52
[  240833ms] [WARNING] Translation key not found: opsV2.errors.retry @ http://localhost:5173/src/i18n/context.tsx:52
[  240833ms] [WARNING] Translation key not found: opsV2.errors.apiError @ http://localhost:5173/src/i18n/context.tsx:52
[  240833ms] [WARNING] Translation key not found: opsV2.errors.retry @ http://localhost:5173/src/i18n/context.tsx:52
[  240853ms] [WARNING] Translation key not found: opsV2.errors.retrying @ http://localhost:5173/src/i18n/context.tsx:52
[  240854ms] [WARNING] Translation key not found: opsV2.errors.retrying @ http://localhost:5173/src/i18n/context.tsx:52
[  240876ms] [WARNING] Translation key not found: opsV2.errors.apiError @ http://localhost:5173/src/i18n/context.tsx:52
[  240876ms] [WARNING] Translation key not found: opsV2.errors.retry @ http://localhost:5173/src/i18n/context.tsx:52
[  240876ms] [WARNING] Translation key not found: opsV2.errors.apiError @ http://localhost:5173/src/i18n/context.tsx:52
[  240876ms] [WARNING] Translation key not found: opsV2.errors.retry @ http://localhost:5173/src/i18n/context.tsx:52
[  240901ms] [WARNING] Translation key not found: opsV2.errors.apiError @ http://localhost:5173/src/i18n/context.tsx:52
[  240901ms] [WARNING] Translation key not found: opsV2.errors.retry @ http://localhost:5173/src/i18n/context.tsx:52
[  240901ms] [WARNING] Translation key not found: opsV2.errors.apiError @ http://localhost:5173/src/i18n/context.tsx:52
[  240901ms] [WARNING] Translation key not found: opsV2.errors.retry @ http://localhost:5173/src/i18n/context.tsx:52
[  240921ms] [WARNING] Translation key not found: opsV2.errors.retrying @ http://localhost:5173/src/i18n/context.tsx:52
[  240921ms] [WARNING] Translation key not found: opsV2.errors.retrying @ http://localhost:5173/src/i18n/context.tsx:52
[  243854ms] [WARNING] Translation key not found: opsV2.errors.apiError @ http://localhost:5173/src/i18n/context.tsx:52
[  243854ms] [WARNING] Translation key not found: opsV2.errors.retry @ http://localhost:5173/src/i18n/context.tsx:52
[  243854ms] [WARNING] Translation key not found: opsV2.errors.apiError @ http://localhost:5173/src/i18n/context.tsx:52
[  243854ms] [WARNING] Translation key not found: opsV2.errors.retry @ http://localhost:5173/src/i18n/context.tsx:52
[  243876ms] [WARNING] Translation key not found: opsV2.errors.apiError @ http://localhost:5173/src/i18n/context.tsx:52
[  243876ms] [WARNING] Translation key not found: opsV2.errors.retry @ http://localhost:5173/src/i18n/context.tsx:52
[  243876ms] [WARNING] Translation key not found: opsV2.errors.apiError @ http://localhost:5173/src/i18n/context.tsx:52
[  243877ms] [WARNING] Translation key not found: opsV2.errors.retry @ http://localhost:5173/src/i18n/context.tsx:52
[  243895ms] [WARNING] Translation key not found: opsV2.errors.retrying @ http://localhost:5173/src/i18n/context.tsx:52
[  243896ms] [WARNING] Translation key not found: opsV2.errors.retrying @ http://localhost:5173/src/i18n/context.tsx:52
[  243921ms] [WARNING] Translation key not found: opsV2.errors.apiError @ http://localhost:5173/src/i18n/context.tsx:52
[  243921ms] [WARNING] Translation key not found: opsV2.errors.retry @ http://localhost:5173/src/i18n/context.tsx:52
[  243922ms] [WARNING] Translation key not found: opsV2.errors.apiError @ http://localhost:5173/src/i18n/context.tsx:52
[  243922ms] [WARNING] Translation key not found: opsV2.errors.retry @ http://localhost:5173/src/i18n/context.tsx:52
[  243941ms] [WARNING] Translation key not found: opsV2.errors.apiError @ http://localhost:5173/src/i18n/context.tsx:52
[  243941ms] [WARNING] Translation key not found: opsV2.errors.retry @ http://localhost:5173/src/i18n/context.tsx:52
[  243941ms] [WARNING] Translation key not found: opsV2.errors.apiError @ http://localhost:5173/src/i18n/context.tsx:52
[  243941ms] [WARNING] Translation key not found: opsV2.errors.retry @ http://localhost:5173/src/i18n/context.tsx:52
[  243963ms] [WARNING] Translation key not found: opsV2.errors.retrying @ http://localhost:5173/src/i18n/context.tsx:52
[  243963ms] [WARNING] Translation key not found: opsV2.errors.retrying @ http://localhost:5173/src/i18n/context.tsx:52
[  246895ms] [WARNING] Translation key not found: opsV2.errors.apiError @ http://localhost:5173/src/i18n/context.tsx:52
[  246895ms] [WARNING] Translation key not found: opsV2.errors.retry @ http://localhost:5173/src/i18n/context.tsx:52
[  246895ms] [WARNING] Translation key not found: opsV2.errors.apiError @ http://localhost:5173/src/i18n/context.tsx:52
[  246895ms] [WARNING] Translation key not found: opsV2.errors.retry @ http://localhost:5173/src/i18n/context.tsx:52
[  246916ms] [WARNING] Translation key not found: opsV2.errors.apiError @ http://localhost:5173/src/i18n/context.tsx:52
[  246916ms] [WARNING] Translation key not found: opsV2.errors.retry @ http://localhost:5173/src/i18n/context.tsx:52
[  246917ms] [WARNING] Translation key not found: opsV2.errors.apiError @ http://localhost:5173/src/i18n/context.tsx:52
[  246917ms] [WARNING] Translation key not found: opsV2.errors.retry @ http://localhost:5173/src/i18n/context.tsx:52
[  246937ms] [WARNING] Translation key not found: opsV2.errors.retrying @ http://localhost:5173/src/i18n/context.tsx:52
[  246937ms] [WARNING] Translation key not found: opsV2.errors.retrying @ http://localhost:5173/src/i18n/context.tsx:52
[  246962ms] [WARNING] Translation key not found: opsV2.errors.apiError @ http://localhost:5173/src/i18n/context.tsx:52
[  246962ms] [WARNING] Translation key not found: opsV2.errors.retry @ http://localhost:5173/src/i18n/context.tsx:52
[  246963ms] [WARNING] Translation key not found: opsV2.errors.apiError @ http://localhost:5173/src/i18n/context.tsx:52
[  246963ms] [WARNING] Translation key not found: opsV2.errors.retry @ http://localhost:5173/src/i18n/context.tsx:52
[  246983ms] [WARNING] Translation key not found: opsV2.errors.apiError @ http://localhost:5173/src/i18n/context.tsx:52
[  246983ms] [WARNING] Translation key not found: opsV2.errors.retry @ http://localhost:5173/src/i18n/context.tsx:52
[  246983ms] [WARNING] Translation key not found: opsV2.errors.apiError @ http://localhost:5173/src/i18n/context.tsx:52
[  246984ms] [WARNING] Translation key not found: opsV2.errors.retry @ http://localhost:5173/src/i18n/context.tsx:52
[  247004ms] [WARNING] Translation key not found: opsV2.errors.retrying @ http://localhost:5173/src/i18n/context.tsx:52
[  247004ms] [WARNING] Translation key not found: opsV2.errors.retrying @ http://localhost:5173/src/i18n/context.tsx:52
[  249937ms] [WARNING] Translation key not found: opsV2.errors.apiError @ http://localhost:5173/src/i18n/context.tsx:52
[  249937ms] [WARNING] Translation key not found: opsV2.errors.retry @ http://localhost:5173/src/i18n/context.tsx:52
[  249938ms] [WARNING] Translation key not found: opsV2.errors.apiError @ http://localhost:5173/src/i18n/context.tsx:52
[  249938ms] [WARNING] Translation key not found: opsV2.errors.retry @ http://localhost:5173/src/i18n/context.tsx:52
[  249961ms] [WARNING] Translation key not found: opsV2.errors.apiError @ http://localhost:5173/src/i18n/context.tsx:52
[  249962ms] [WARNING] Translation key not found: opsV2.errors.retry @ http://localhost:5173/src/i18n/context.tsx:52
[  249962ms] [WARNING] Translation key not found: opsV2.errors.apiError @ http://localhost:5173/src/i18n/context.tsx:52
[  249962ms] [WARNING] Translation key not found: opsV2.errors.retry @ http://localhost:5173/src/i18n/context.tsx:52
[  249981ms] [WARNING] Translation key not found: opsV2.errors.retrying @ http://localhost:5173/src/i18n/context.tsx:52
[  249981ms] [WARNING] Translation key not found: opsV2.errors.retrying @ http://localhost:5173/src/i18n/context.tsx:52
[  250004ms] [WARNING] Translation key not found: opsV2.errors.apiError @ http://localhost:5173/src/i18n/context.tsx:52
[  250004ms] [WARNING] Translation key not found: opsV2.errors.retry @ http://localhost:5173/src/i18n/context.tsx:52
[  250004ms] [WARNING] Translation key not found: opsV2.errors.apiError @ http://localhost:5173/src/i18n/context.tsx:52
[  250004ms] [WARNING] Translation key not found: opsV2.errors.retry @ http://localhost:5173/src/i18n/context.tsx:52
[  250034ms] [WARNING] Translation key not found: opsV2.errors.apiError @ http://localhost:5173/src/i18n/context.tsx:52
[  250034ms] [WARNING] Translation key not found: opsV2.errors.retry @ http://localhost:5173/src/i18n/context.tsx:52
[  250034ms] [WARNING] Translation key not found: opsV2.errors.apiError @ http://localhost:5173/src/i18n/context.tsx:52
[  250034ms] [WARNING] Translation key not found: opsV2.errors.retry @ http://localhost:5173/src/i18n/context.tsx:52
[  250054ms] [WARNING] Translation key not found: opsV2.errors.retrying @ http://localhost:5173/src/i18n/context.tsx:52
[  250055ms] [WARNING] Translation key not found: opsV2.errors.retrying @ http://localhost:5173/src/i18n/context.tsx:52
[  252981ms] [WARNING] Translation key not found: opsV2.errors.apiError @ http://localhost:5173/src/i18n/context.tsx:52
[  252981ms] [WARNING] Translation key not found: opsV2.errors.retry @ http://localhost:5173/src/i18n/context.tsx:52
[  252981ms] [WARNING] Translation key not found: opsV2.errors.apiError @ http://localhost:5173/src/i18n/context.tsx:52
[  252981ms] [WARNING] Translation key not found: opsV2.errors.retry @ http://localhost:5173/src/i18n/context.tsx:52
[  253002ms] [WARNING] Translation key not found: opsV2.errors.apiError @ http://localhost:5173/src/i18n/context.tsx:52
[  253002ms] [WARNING] Translation key not found: opsV2.errors.retry @ http://localhost:5173/src/i18n/context.tsx:52
[  253002ms] [WARNING] Translation key not found: opsV2.errors.apiError @ http://localhost:5173/src/i18n/context.tsx:52
[  253003ms] [WARNING] Translation key not found: opsV2.errors.retry @ http://localhost:5173/src/i18n/context.tsx:52
[  253022ms] [WARNING] Translation key not found: opsV2.errors.retrying @ http://localhost:5173/src/i18n/context.tsx:52
[  253023ms] [WARNING] Translation key not found: opsV2.errors.retrying @ http://localhost:5173/src/i18n/context.tsx:52
[  253054ms] [WARNING] Translation key not found: opsV2.errors.apiError @ http://localhost:5173/src/i18n/context.tsx:52
[  253054ms] [WARNING] Translation key not found: opsV2.errors.retry @ http://localhost:5173/src/i18n/context.tsx:52
[  253054ms] [WARNING] Translation key not found: opsV2.errors.apiError @ http://localhost:5173/src/i18n/context.tsx:52
[  253054ms] [WARNING] Translation key not found: opsV2.errors.retry @ http://localhost:5173/src/i18n/context.tsx:52
[  253075ms] [WARNING] Translation key not found: opsV2.errors.apiError @ http://localhost:5173/src/i18n/context.tsx:52
[  253075ms] [WARNING] Translation key not found: opsV2.errors.retry @ http://localhost:5173/src/i18n/context.tsx:52
[  253075ms] [WARNING] Translation key not found: opsV2.errors.apiError @ http://localhost:5173/src/i18n/context.tsx:52
[  253075ms] [WARNING] Translation key not found: opsV2.errors.retry @ http://localhost:5173/src/i18n/context.tsx:52
[  253095ms] [WARNING] Translation key not found: opsV2.errors.retrying @ http://localhost:5173/src/i18n/context.tsx:52
[  253096ms] [WARNING] Translation key not found: opsV2.errors.retrying @ http://localhost:5173/src/i18n/context.tsx:52
[  256023ms] [WARNING] Translation key not found: opsV2.errors.apiError @ http://localhost:5173/src/i18n/context.tsx:52
[  256023ms] [WARNING] Translation key not found: opsV2.errors.retry @ http://localhost:5173/src/i18n/context.tsx:52
[  256023ms] [WARNING] Translation key not found: opsV2.errors.apiError @ http://localhost:5173/src/i18n/context.tsx:52
[  256023ms] [WARNING] Translation key not found: opsV2.errors.retry @ http://localhost:5173/src/i18n/context.tsx:52
[  256045ms] [WARNING] Translation key not found: opsV2.errors.apiError @ http://localhost:5173/src/i18n/context.tsx:52
[  256045ms] [WARNING] Translation key not found: opsV2.errors.retry @ http://localhost:5173/src/i18n/context.tsx:52
[  256045ms] [WARNING] Translation key not found: opsV2.errors.apiError @ http://localhost:5173/src/i18n/context.tsx:52
[  256045ms] [WARNING] Translation key not found: opsV2.errors.retry @ http://localhost:5173/src/i18n/context.tsx:52
[  256064ms] [WARNING] Translation key not found: opsV2.errors.retrying @ http://localhost:5173/src/i18n/context.tsx:52
[  256064ms] [WARNING] Translation key not found: opsV2.errors.retrying @ http://localhost:5173/src/i18n/context.tsx:52
[  256095ms] [WARNING] Translation key not found: opsV2.errors.apiError @ http://localhost:5173/src/i18n/context.tsx:52
[  256095ms] [WARNING] Translation key not found: opsV2.errors.retry @ http://localhost:5173/src/i18n/context.tsx:52
[  256095ms] [WARNING] Translation key not found: opsV2.errors.apiError @ http://localhost:5173/src/i18n/context.tsx:52
[  256095ms] [WARNING] Translation key not found: opsV2.errors.retry @ http://localhost:5173/src/i18n/context.tsx:52
[  256115ms] [WARNING] Translation key not found: opsV2.errors.apiError @ http://localhost:5173/src/i18n/context.tsx:52
[  256115ms] [WARNING] Translation key not found: opsV2.errors.retry @ http://localhost:5173/src/i18n/context.tsx:52
[  256115ms] [WARNING] Translation key not found: opsV2.errors.apiError @ http://localhost:5173/src/i18n/context.tsx:52
[  256115ms] [WARNING] Translation key not found: opsV2.errors.retry @ http://localhost:5173/src/i18n/context.tsx:52
[  256135ms] [WARNING] Translation key not found: opsV2.errors.retrying @ http://localhost:5173/src/i18n/context.tsx:52
[  256135ms] [WARNING] Translation key not found: opsV2.errors.retrying @ http://localhost:5173/src/i18n/context.tsx:52
[  259064ms] [WARNING] Translation key not found: opsV2.errors.apiError @ http://localhost:5173/src/i18n/context.tsx:52
[  259064ms] [WARNING] Translation key not found: opsV2.errors.retry @ http://localhost:5173/src/i18n/context.tsx:52
[  259064ms] [WARNING] Translation key not found: opsV2.errors.apiError @ http://localhost:5173/src/i18n/context.tsx:52
[  259064ms] [WARNING] Translation key not found: opsV2.errors.retry @ http://localhost:5173/src/i18n/context.tsx:52
[  259084ms] [WARNING] Translation key not found: opsV2.errors.apiError @ http://localhost:5173/src/i18n/context.tsx:52
[  259084ms] [WARNING] Translation key not found: opsV2.errors.retry @ http://localhost:5173/src/i18n/context.tsx:52
[  259084ms] [WARNING] Translation key not found: opsV2.errors.apiError @ http://localhost:5173/src/i18n/context.tsx:52
[  259084ms] [WARNING] Translation key not found: opsV2.errors.retry @ http://localhost:5173/src/i18n/context.tsx:52
[  259104ms] [WARNING] Translation key not found: opsV2.errors.retrying @ http://localhost:5173/src/i18n/context.tsx:52
[  259104ms] [WARNING] Translation key not found: opsV2.errors.retrying @ http://localhost:5173/src/i18n/context.tsx:52
[  259135ms] [WARNING] Translation key not found: opsV2.errors.apiError @ http://localhost:5173/src/i18n/context.tsx:52
[  259135ms] [WARNING] Translation key not found: opsV2.errors.retry @ http://localhost:5173/src/i18n/context.tsx:52
[  259135ms] [WARNING] Translation key not found: opsV2.errors.apiError @ http://localhost:5173/src/i18n/context.tsx:52
[  259135ms] [WARNING] Translation key not found: opsV2.errors.retry @ http://localhost:5173/src/i18n/context.tsx:52
[  259156ms] [WARNING] Translation key not found: opsV2.errors.apiError @ http://localhost:5173/src/i18n/context.tsx:52
[  259156ms] [WARNING] Translation key not found: opsV2.errors.retry @ http://localhost:5173/src/i18n/context.tsx:52
[  259156ms] [WARNING] Translation key not found: opsV2.errors.apiError @ http://localhost:5173/src/i18n/context.tsx:52
[  259156ms] [WARNING] Translation key not found: opsV2.errors.retry @ http://localhost:5173/src/i18n/context.tsx:52
[  259176ms] [WARNING] Translation key not found: opsV2.errors.retrying @ http://localhost:5173/src/i18n/context.tsx:52
[  259177ms] [WARNING] Translation key not found: opsV2.errors.retrying @ http://localhost:5173/src/i18n/context.tsx:52
[  262104ms] [WARNING] Translation key not found: opsV2.errors.apiError @ http://localhost:5173/src/i18n/context.tsx:52
[  262104ms] [WARNING] Translation key not found: opsV2.errors.retry @ http://localhost:5173/src/i18n/context.tsx:52
[  262105ms] [WARNING] Translation key not found: opsV2.errors.apiError @ http://localhost:5173/src/i18n/context.tsx:52
[  262105ms] [WARNING] Translation key not found: opsV2.errors.retry @ http://localhost:5173/src/i18n/context.tsx:52
[  262127ms] [WARNING] Translation key not found: opsV2.errors.apiError @ http://localhost:5173/src/i18n/context.tsx:52
[  262128ms] [WARNING] Translation key not found: opsV2.errors.retry @ http://localhost:5173/src/i18n/context.tsx:52
[  262128ms] [WARNING] Translation key not found: opsV2.errors.apiError @ http://localhost:5173/src/i18n/context.tsx:52
[  262128ms] [WARNING] Translation key not found: opsV2.errors.retry @ http://localhost:5173/src/i18n/context.tsx:52
[  262147ms] [WARNING] Translation key not found: opsV2.errors.retrying @ http://localhost:5173/src/i18n/context.tsx:52
[  262147ms] [WARNING] Translation key not found: opsV2.errors.retrying @ http://localhost:5173/src/i18n/context.tsx:52
[  262176ms] [WARNING] Translation key not found: opsV2.errors.apiError @ http://localhost:5173/src/i18n/context.tsx:52
[  262176ms] [WARNING] Translation key not found: opsV2.errors.retry @ http://localhost:5173/src/i18n/context.tsx:52
[  262176ms] [WARNING] Translation key not found: opsV2.errors.apiError @ http://localhost:5173/src/i18n/context.tsx:52
[  262176ms] [WARNING] Translation key not found: opsV2.errors.retry @ http://localhost:5173/src/i18n/context.tsx:52
[  262196ms] [WARNING] Translation key not found: opsV2.errors.apiError @ http://localhost:5173/src/i18n/context.tsx:52
[  262196ms] [WARNING] Translation key not found: opsV2.errors.retry @ http://localhost:5173/src/i18n/context.tsx:52
[  262196ms] [WARNING] Translation key not found: opsV2.errors.apiError @ http://localhost:5173/src/i18n/context.tsx:52
[  262196ms] [WARNING] Translation key not found: opsV2.errors.retry @ http://localhost:5173/src/i18n/context.tsx:52
[  262217ms] [WARNING] Translation key not found: opsV2.errors.retrying @ http://localhost:5173/src/i18n/context.tsx:52
[  262217ms] [WARNING] Translation key not found: opsV2.errors.retrying @ http://localhost:5173/src/i18n/context.tsx:52
[  265066ms] [ERROR] Failed to load resource: the server responded with a status of 500 (Internal Server Error) @ http://localhost:5173/health:0
[  265146ms] [WARNING] Translation key not found: opsV2.errors.apiError @ http://localhost:5173/src/i18n/context.tsx:52
[  265146ms] [WARNING] Translation key not found: opsV2.errors.retry @ http://localhost:5173/src/i18n/context.tsx:52
[  265147ms] [WARNING] Translation key not found: opsV2.errors.apiError @ http://localhost:5173/src/i18n/context.tsx:52
[  265147ms] [WARNING] Translation key not found: opsV2.errors.retry @ http://localhost:5173/src/i18n/context.tsx:52
[  265167ms] [WARNING] Translation key not found: opsV2.errors.apiError @ http://localhost:5173/src/i18n/context.tsx:52
[  265167ms] [WARNING] Translation key not found: opsV2.errors.retry @ http://localhost:5173/src/i18n/context.tsx:52
[  265168ms] [WARNING] Translation key not found: opsV2.errors.apiError @ http://localhost:5173/src/i18n/context.tsx:52
[  265168ms] [WARNING] Translation key not found: opsV2.errors.retry @ http://localhost:5173/src/i18n/context.tsx:52
[  265188ms] [WARNING] Translation key not found: opsV2.errors.retrying @ http://localhost:5173/src/i18n/context.tsx:52
[  265189ms] [WARNING] Translation key not found: opsV2.errors.retrying @ http://localhost:5173/src/i18n/context.tsx:52
[  265216ms] [WARNING] Translation key not found: opsV2.errors.apiError @ http://localhost:5173/src/i18n/context.tsx:52
[  265216ms] [WARNING] Translation key not found: opsV2.errors.retry @ http://localhost:5173/src/i18n/context.tsx:52
[  265217ms] [WARNING] Translation key not found: opsV2.errors.apiError @ http://localhost:5173/src/i18n/context.tsx:52
[  265217ms] [WARNING] Translation key not found: opsV2.errors.retry @ http://localhost:5173/src/i18n/context.tsx:52
[  265237ms] [WARNING] Translation key not found: opsV2.errors.apiError @ http://localhost:5173/src/i18n/context.tsx:52
[  265237ms] [WARNING] Translation key not found: opsV2.errors.retry @ http://localhost:5173/src/i18n/context.tsx:52
[  265237ms] [WARNING] Translation key not found: opsV2.errors.apiError @ http://localhost:5173/src/i18n/context.tsx:52
[  265237ms] [WARNING] Translation key not found: opsV2.errors.retry @ http://localhost:5173/src/i18n/context.tsx:52
[  265259ms] [WARNING] Translation key not found: opsV2.errors.retrying @ http://localhost:5173/src/i18n/context.tsx:52
[  265259ms] [WARNING] Translation key not found: opsV2.errors.retrying @ http://localhost:5173/src/i18n/context.tsx:52
[  265488ms] [INFO] %cDownload the React DevTools for a better development experience: https://react.dev/link/react-devtools font-weight:bold @ http://localhost:5173/node_modules/.vite/deps/react-dom_client.js?v=83cbdf31:20102
[  265618ms] [ERROR] Failed to load resource: the server responded with a status of 500 (Internal Server Error) @ http://localhost:5173/health:0
[  265619ms] [ERROR] Failed to load resource: the server responded with a status of 500 (Internal Server Error) @ http://localhost:5173/health:0
[  265620ms] [ERROR] Failed to load projects for ApprovalDialog TypeError: Cannot read properties of undefined (reading 'map')
    at listProjects (http://localhost:5173/src/lib/api/projects.ts:64:24)
    at async initProjects (http://localhost:5173/src/components/agent/ApprovalDialog.tsx:41:23) @ http://localhost:5173/src/components/agent/ApprovalDialog.tsx:47
[  265627ms] [WARNING] Translation key not found: opsV2.errors.apiError @ http://localhost:5173/src/i18n/context.tsx:52
[  265627ms] [WARNING] Translation key not found: opsV2.errors.retry @ http://localhost:5173/src/i18n/context.tsx:52
[  265627ms] [WARNING] Translation key not found: opsV2.errors.apiError @ http://localhost:5173/src/i18n/context.tsx:52
[  265627ms] [WARNING] Translation key not found: opsV2.errors.retry @ http://localhost:5173/src/i18n/context.tsx:52
[  265657ms] [WARNING] Translation key not found: opsV2.errors.apiError @ http://localhost:5173/src/i18n/context.tsx:52
[  265657ms] [WARNING] Translation key not found: opsV2.errors.retry @ http://localhost:5173/src/i18n/context.tsx:52
[  265657ms] [WARNING] Translation key not found: opsV2.errors.apiError @ http://localhost:5173/src/i18n/context.tsx:52
[  265657ms] [WARNING] Translation key not found: opsV2.errors.retry @ http://localhost:5173/src/i18n/context.tsx:52
[  265684ms] [WARNING] Translation key not found: opsV2.errors.retrying @ http://localhost:5173/src/i18n/context.tsx:52
[  265685ms] [WARNING] Translation key not found: opsV2.errors.retrying @ http://localhost:5173/src/i18n/context.tsx:52
[  265707ms] [ERROR] Failed to load projects for ApprovalDialog TypeError: Cannot read properties of undefined (reading 'map')
    at listProjects (http://localhost:5173/src/lib/api/projects.ts:64:24)
    at async initProjects (http://localhost:5173/src/components/agent/ApprovalDialog.tsx:41:23) @ http://localhost:5173/src/components/agent/ApprovalDialog.tsx:47
[  265713ms] [WARNING] Translation key not found: opsV2.errors.retrying @ http://localhost:5173/src/i18n/context.tsx:52
[  265714ms] [WARNING] Translation key not found: opsV2.errors.retrying @ http://localhost:5173/src/i18n/context.tsx:52
[  265734ms] [WARNING] Translation key not found: opsV2.errors.apiError @ http://localhost:5173/src/i18n/context.tsx:52
[  265734ms] [WARNING] Translation key not found: opsV2.errors.retry @ http://localhost:5173/src/i18n/context.tsx:52
[  265734ms] [WARNING] Translation key not found: opsV2.errors.apiError @ http://localhost:5173/src/i18n/context.tsx:52
[  265734ms] [WARNING] Translation key not found: opsV2.errors.retry @ http://localhost:5173/src/i18n/context.tsx:52
[  265741ms] [WARNING] Translation key not found: opsV2.errors.retrying @ http://localhost:5173/src/i18n/context.tsx:52
[  265741ms] [WARNING] Translation key not found: opsV2.errors.retrying @ http://localhost:5173/src/i18n/context.tsx:52
[  268685ms] [WARNING] Translation key not found: opsV2.errors.apiError @ http://localhost:5173/src/i18n/context.tsx:52
[  268685ms] [WARNING] Translation key not found: opsV2.errors.retry @ http://localhost:5173/src/i18n/context.tsx:52
[  268685ms] [WARNING] Translation key not found: opsV2.errors.apiError @ http://localhost:5173/src/i18n/context.tsx:52
[  268685ms] [WARNING] Translation key not found: opsV2.errors.retry @ http://localhost:5173/src/i18n/context.tsx:52
[  268706ms] [WARNING] Translation key not found: opsV2.errors.apiError @ http://localhost:5173/src/i18n/context.tsx:52
[  268706ms] [WARNING] Translation key not found: opsV2.errors.retry @ http://localhost:5173/src/i18n/context.tsx:52
[  268706ms] [WARNING] Translation key not found: opsV2.errors.apiError @ http://localhost:5173/src/i18n/context.tsx:52
[  268706ms] [WARNING] Translation key not found: opsV2.errors.retry @ http://localhost:5173/src/i18n/context.tsx:52
[  268728ms] [WARNING] Translation key not found: opsV2.errors.retrying @ http://localhost:5173/src/i18n/context.tsx:52
[  268729ms] [WARNING] Translation key not found: opsV2.errors.retrying @ http://localhost:5173/src/i18n/context.tsx:52
[  268749ms] [WARNING] Translation key not found: opsV2.errors.apiError @ http://localhost:5173/src/i18n/context.tsx:52
[  268749ms] [WARNING] Translation key not found: opsV2.errors.retry @ http://localhost:5173/src/i18n/context.tsx:52
[  268750ms] [WARNING] Translation key not found: opsV2.errors.apiError @ http://localhost:5173/src/i18n/context.tsx:52
[  268750ms] [WARNING] Translation key not found: opsV2.errors.retry @ http://localhost:5173/src/i18n/context.tsx:52
[  268772ms] [WARNING] Translation key not found: opsV2.errors.apiError @ http://localhost:5173/src/i18n/context.tsx:52
[  268772ms] [WARNING] Translation key not found: opsV2.errors.retry @ http://localhost:5173/src/i18n/context.tsx:52
[  268772ms] [WARNING] Translation key not found: opsV2.errors.apiError @ http://localhost:5173/src/i18n/context.tsx:52
[  268772ms] [WARNING] Translation key not found: opsV2.errors.retry @ http://localhost:5173/src/i18n/context.tsx:52
[  268793ms] [WARNING] Translation key not found: opsV2.errors.retrying @ http://localhost:5173/src/i18n/context.tsx:52
[  268793ms] [WARNING] Translation key not found: opsV2.errors.retrying @ http://localhost:5173/src/i18n/context.tsx:52
[  271729ms] [WARNING] Translation key not found: opsV2.errors.apiError @ http://localhost:5173/src/i18n/context.tsx:52
[  271729ms] [WARNING] Translation key not found: opsV2.errors.retry @ http://localhost:5173/src/i18n/context.tsx:52
[  271730ms] [WARNING] Translation key not found: opsV2.errors.apiError @ http://localhost:5173/src/i18n/context.tsx:52
[  271730ms] [WARNING] Translation key not found: opsV2.errors.retry @ http://localhost:5173/src/i18n/context.tsx:52
[  271751ms] [WARNING] Translation key not found: opsV2.errors.apiError @ http://localhost:5173/src/i18n/context.tsx:52
[  271751ms] [WARNING] Translation key not found: opsV2.errors.retry @ http://localhost:5173/src/i18n/context.tsx:52
[  271751ms] [WARNING] Translation key not found: opsV2.errors.apiError @ http://localhost:5173/src/i18n/context.tsx:52
[  271751ms] [WARNING] Translation key not found: opsV2.errors.retry @ http://localhost:5173/src/i18n/context.tsx:52
[  271774ms] [WARNING] Translation key not found: opsV2.errors.retrying @ http://localhost:5173/src/i18n/context.tsx:52
[  271775ms] [WARNING] Translation key not found: opsV2.errors.retrying @ http://localhost:5173/src/i18n/context.tsx:52
[  271796ms] [WARNING] Translation key not found: opsV2.errors.apiError @ http://localhost:5173/src/i18n/context.tsx:52
[  271796ms] [WARNING] Translation key not found: opsV2.errors.retry @ http://localhost:5173/src/i18n/context.tsx:52
[  271796ms] [WARNING] Translation key not found: opsV2.errors.apiError @ http://localhost:5173/src/i18n/context.tsx:52
[  271797ms] [WARNING] Translation key not found: opsV2.errors.retry @ http://localhost:5173/src/i18n/context.tsx:52
[  271819ms] [WARNING] Translation key not found: opsV2.errors.apiError @ http://localhost:5173/src/i18n/context.tsx:52
[  271819ms] [WARNING] Translation key not found: opsV2.errors.retry @ http://localhost:5173/src/i18n/context.tsx:52
[  271819ms] [WARNING] Translation key not found: opsV2.errors.apiError @ http://localhost:5173/src/i18n/context.tsx:52
[  271819ms] [WARNING] Translation key not found: opsV2.errors.retry @ http://localhost:5173/src/i18n/context.tsx:52
[  271844ms] [WARNING] Translation key not found: opsV2.errors.retrying @ http://localhost:5173/src/i18n/context.tsx:52
[  271844ms] [WARNING] Translation key not found: opsV2.errors.retrying @ http://localhost:5173/src/i18n/context.tsx:52
[  274775ms] [WARNING] Translation key not found: opsV2.errors.apiError @ http://localhost:5173/src/i18n/context.tsx:52
[  274775ms] [WARNING] Translation key not found: opsV2.errors.retry @ http://localhost:5173/src/i18n/context.tsx:52
[  274775ms] [WARNING] Translation key not found: opsV2.errors.apiError @ http://localhost:5173/src/i18n/context.tsx:52
[  274775ms] [WARNING] Translation key not found: opsV2.errors.retry @ http://localhost:5173/src/i18n/context.tsx:52
[  274796ms] [WARNING] Translation key not found: opsV2.errors.apiError @ http://localhost:5173/src/i18n/context.tsx:52
[  274796ms] [WARNING] Translation key not found: opsV2.errors.retry @ http://localhost:5173/src/i18n/context.tsx:52
[  274796ms] [WARNING] Translation key not found: opsV2.errors.apiError @ http://localhost:5173/src/i18n/context.tsx:52
[  274796ms] [WARNING] Translation key not found: opsV2.errors.retry @ http://localhost:5173/src/i18n/context.tsx:52
[  274819ms] [WARNING] Translation key not found: opsV2.errors.retrying @ http://localhost:5173/src/i18n/context.tsx:52
[  274819ms] [WARNING] Translation key not found: opsV2.errors.retrying @ http://localhost:5173/src/i18n/context.tsx:52
[  274844ms] [WARNING] Translation key not found: opsV2.errors.apiError @ http://localhost:5173/src/i18n/context.tsx:52
[  274844ms] [WARNING] Translation key not found: opsV2.errors.retry @ http://localhost:5173/src/i18n/context.tsx:52
[  274845ms] [WARNING] Translation key not found: opsV2.errors.apiError @ http://localhost:5173/src/i18n/context.tsx:52
[  274845ms] [WARNING] Translation key not found: opsV2.errors.retry @ http://localhost:5173/src/i18n/context.tsx:52
[  274866ms] [WARNING] Translation key not found: opsV2.errors.apiError @ http://localhost:5173/src/i18n/context.tsx:52
[  274866ms] [WARNING] Translation key not found: opsV2.errors.retry @ http://localhost:5173/src/i18n/context.tsx:52
[  274867ms] [WARNING] Translation key not found: opsV2.errors.apiError @ http://localhost:5173/src/i18n/context.tsx:52
[  274867ms] [WARNING] Translation key not found: opsV2.errors.retry @ http://localhost:5173/src/i18n/context.tsx:52
[  274885ms] [WARNING] Translation key not found: opsV2.errors.retrying @ http://localhost:5173/src/i18n/context.tsx:52
[  274886ms] [WARNING] Translation key not found: opsV2.errors.retrying @ http://localhost:5173/src/i18n/context.tsx:52
[  277819ms] [WARNING] Translation key not found: opsV2.errors.apiError @ http://localhost:5173/src/i18n/context.tsx:52
[  277819ms] [WARNING] Translation key not found: opsV2.errors.retry @ http://localhost:5173/src/i18n/context.tsx:52
[  277820ms] [WARNING] Translation key not found: opsV2.errors.apiError @ http://localhost:5173/src/i18n/context.tsx:52
[  277820ms] [WARNING] Translation key not found: opsV2.errors.retry @ http://localhost:5173/src/i18n/context.tsx:52
[  277843ms] [WARNING] Translation key not found: opsV2.errors.apiError @ http://localhost:5173/src/i18n/context.tsx:52
[  277843ms] [WARNING] Translation key not found: opsV2.errors.retry @ http://localhost:5173/src/i18n/context.tsx:52
[  277844ms] [WARNING] Translation key not found: opsV2.errors.apiError @ http://localhost:5173/src/i18n/context.tsx:52
[  277844ms] [WARNING] Translation key not found: opsV2.errors.retry @ http://localhost:5173/src/i18n/context.tsx:52
[  277868ms] [WARNING] Translation key not found: opsV2.errors.retrying @ http://localhost:5173/src/i18n/context.tsx:52
[  277868ms] [WARNING] Translation key not found: opsV2.errors.retrying @ http://localhost:5173/src/i18n/context.tsx:52
[  277889ms] [WARNING] Translation key not found: opsV2.errors.apiError @ http://localhost:5173/src/i18n/context.tsx:52
[  277889ms] [WARNING] Translation key not found: opsV2.errors.retry @ http://localhost:5173/src/i18n/context.tsx:52
[  277889ms] [WARNING] Translation key not found: opsV2.errors.apiError @ http://localhost:5173/src/i18n/context.tsx:52
[  277889ms] [WARNING] Translation key not found: opsV2.errors.retry @ http://localhost:5173/src/i18n/context.tsx:52
[  277911ms] [WARNING] Translation key not found: opsV2.errors.apiError @ http://localhost:5173/src/i18n/context.tsx:52
[  277911ms] [WARNING] Translation key not found: opsV2.errors.retry @ http://localhost:5173/src/i18n/context.tsx:52
[  277912ms] [WARNING] Translation key not found: opsV2.errors.apiError @ http://localhost:5173/src/i18n/context.tsx:52
[  277912ms] [WARNING] Translation key not found: opsV2.errors.retry @ http://localhost:5173/src/i18n/context.tsx:52
[  277931ms] [WARNING] Translation key not found: opsV2.errors.retrying @ http://localhost:5173/src/i18n/context.tsx:52
[  277932ms] [WARNING] Translation key not found: opsV2.errors.retrying @ http://localhost:5173/src/i18n/context.tsx:52
[  280867ms] [WARNING] Translation key not found: opsV2.errors.apiError @ http://localhost:5173/src/i18n/context.tsx:52
[  280867ms] [WARNING] Translation key not found: opsV2.errors.retry @ http://localhost:5173/src/i18n/context.tsx:52
[  280868ms] [WARNING] Translation key not found: opsV2.errors.apiError @ http://localhost:5173/src/i18n/context.tsx:52
[  280868ms] [WARNING] Translation key not found: opsV2.errors.retry @ http://localhost:5173/src/i18n/context.tsx:52
[  280888ms] [WARNING] Translation key not found: opsV2.errors.apiError @ http://localhost:5173/src/i18n/context.tsx:52
[  280888ms] [WARNING] Translation key not found: opsV2.errors.retry @ http://localhost:5173/src/i18n/context.tsx:52
[  280888ms] [WARNING] Translation key not found: opsV2.errors.apiError @ http://localhost:5173/src/i18n/context.tsx:52
[  280889ms] [WARNING] Translation key not found: opsV2.errors.retry @ http://localhost:5173/src/i18n/context.tsx:52
[  280912ms] [WARNING] Translation key not found: opsV2.errors.retrying @ http://localhost:5173/src/i18n/context.tsx:52
[  280912ms] [WARNING] Translation key not found: opsV2.errors.retrying @ http://localhost:5173/src/i18n/context.tsx:52
[  280932ms] [WARNING] Translation key not found: opsV2.errors.apiError @ http://localhost:5173/src/i18n/context.tsx:52
[  280932ms] [WARNING] Translation key not found: opsV2.errors.retry @ http://localhost:5173/src/i18n/context.tsx:52
[  280932ms] [WARNING] Translation key not found: opsV2.errors.apiError @ http://localhost:5173/src/i18n/context.tsx:52
[  280933ms] [WARNING] Translation key not found: opsV2.errors.retry @ http://localhost:5173/src/i18n/context.tsx:52
[  280958ms] [WARNING] Translation key not found: opsV2.errors.apiError @ http://localhost:5173/src/i18n/context.tsx:52
[  280959ms] [WARNING] Translation key not found: opsV2.errors.retry @ http://localhost:5173/src/i18n/context.tsx:52
[  280959ms] [WARNING] Translation key not found: opsV2.errors.apiError @ http://localhost:5173/src/i18n/context.tsx:52
[  280959ms] [WARNING] Translation key not found: opsV2.errors.retry @ http://localhost:5173/src/i18n/context.tsx:52
[  280979ms] [WARNING] Translation key not found: opsV2.errors.retrying @ http://localhost:5173/src/i18n/context.tsx:52
[  280979ms] [WARNING] Translation key not found: opsV2.errors.retrying @ http://localhost:5173/src/i18n/context.tsx:52
[  283912ms] [WARNING] Translation key not found: opsV2.errors.apiError @ http://localhost:5173/src/i18n/context.tsx:52
[  283912ms] [WARNING] Translation key not found: opsV2.errors.retry @ http://localhost:5173/src/i18n/context.tsx:52
[  283913ms] [WARNING] Translation key not found: opsV2.errors.apiError @ http://localhost:5173/src/i18n/context.tsx:52
[  283913ms] [WARNING] Translation key not found: opsV2.errors.retry @ http://localhost:5173/src/i18n/context.tsx:52
[  283932ms] [WARNING] Translation key not found: opsV2.errors.apiError @ http://localhost:5173/src/i18n/context.tsx:52
[  283932ms] [WARNING] Translation key not found: opsV2.errors.retry @ http://localhost:5173/src/i18n/context.tsx:52
[  283933ms] [WARNING] Translation key not found: opsV2.errors.apiError @ http://localhost:5173/src/i18n/context.tsx:52
[  283933ms] [WARNING] Translation key not found: opsV2.errors.retry @ http://localhost:5173/src/i18n/context.tsx:52
[  283955ms] [WARNING] Translation key not found: opsV2.errors.retrying @ http://localhost:5173/src/i18n/context.tsx:52
[  283955ms] [WARNING] Translation key not found: opsV2.errors.retrying @ http://localhost:5173/src/i18n/context.tsx:52
[  283978ms] [WARNING] Translation key not found: opsV2.errors.apiError @ http://localhost:5173/src/i18n/context.tsx:52
[  283978ms] [WARNING] Translation key not found: opsV2.errors.retry @ http://localhost:5173/src/i18n/context.tsx:52
[  283979ms] [WARNING] Translation key not found: opsV2.errors.apiError @ http://localhost:5173/src/i18n/context.tsx:52
[  283979ms] [WARNING] Translation key not found: opsV2.errors.retry @ http://localhost:5173/src/i18n/context.tsx:52
[  284001ms] [WARNING] Translation key not found: opsV2.errors.apiError @ http://localhost:5173/src/i18n/context.tsx:52
[  284001ms] [WARNING] Translation key not found: opsV2.errors.retry @ http://localhost:5173/src/i18n/context.tsx:52
[  284001ms] [WARNING] Translation key not found: opsV2.errors.apiError @ http://localhost:5173/src/i18n/context.tsx:52
[  284001ms] [WARNING] Translation key not found: opsV2.errors.retry @ http://localhost:5173/src/i18n/context.tsx:52
[  284021ms] [WARNING] Translation key not found: opsV2.errors.retrying @ http://localhost:5173/src/i18n/context.tsx:52
[  284021ms] [WARNING] Translation key not found: opsV2.errors.retrying @ http://localhost:5173/src/i18n/context.tsx:52
[  287000ms] [INFO] %cDownload the React DevTools for a better development experience: https://react.dev/link/react-devtools font-weight:bold @ http://localhost:5173/node_modules/.vite/deps/react-dom_client.js?v=83cbdf31:20102
[  287139ms] [ERROR] Failed to load resource: the server responded with a status of 500 (Internal Server Error) @ http://localhost:5173/health:0
[  287140ms] [ERROR] Failed to load resource: the server responded with a status of 500 (Internal Server Error) @ http://localhost:5173/health:0
[  287143ms] [ERROR] Failed to load projects for ApprovalDialog TypeError: Cannot read properties of undefined (reading 'map')
    at listProjects (http://localhost:5173/src/lib/api/projects.ts:64:24)
    at async initProjects (http://localhost:5173/src/components/agent/ApprovalDialog.tsx:41:23) @ http://localhost:5173/src/components/agent/ApprovalDialog.tsx:47
[  287143ms] [ERROR] Failed to load projects for ApprovalDialog TypeError: Cannot read properties of undefined (reading 'map')
    at listProjects (http://localhost:5173/src/lib/api/projects.ts:64:24)
    at async initProjects (http://localhost:5173/src/components/agent/ApprovalDialog.tsx:41:23) @ http://localhost:5173/src/components/agent/ApprovalDialog.tsx:47
[  287150ms] [WARNING] Translation key not found: opsV2.errors.apiError @ http://localhost:5173/src/i18n/context.tsx:52
[  287150ms] [WARNING] Translation key not found: opsV2.errors.retry @ http://localhost:5173/src/i18n/context.tsx:52
[  287151ms] [WARNING] Translation key not found: opsV2.errors.apiError @ http://localhost:5173/src/i18n/context.tsx:52
[  287151ms] [WARNING] Translation key not found: opsV2.errors.retry @ http://localhost:5173/src/i18n/context.tsx:52
[  287185ms] [WARNING] Translation key not found: opsV2.errors.apiError @ http://localhost:5173/src/i18n/context.tsx:52
[  287185ms] [WARNING] Translation key not found: opsV2.errors.retry @ http://localhost:5173/src/i18n/context.tsx:52
[  287185ms] [WARNING] Translation key not found: opsV2.errors.apiError @ http://localhost:5173/src/i18n/context.tsx:52
[  287185ms] [WARNING] Translation key not found: opsV2.errors.retry @ http://localhost:5173/src/i18n/context.tsx:52
[  287210ms] [WARNING] Translation key not found: opsV2.errors.retrying @ http://localhost:5173/src/i18n/context.tsx:52
[  287211ms] [WARNING] Translation key not found: opsV2.errors.retrying @ http://localhost:5173/src/i18n/context.tsx:52
[  290210ms] [WARNING] Translation key not found: opsV2.errors.apiError @ http://localhost:5173/src/i18n/context.tsx:52
[  290210ms] [WARNING] Translation key not found: opsV2.errors.retry @ http://localhost:5173/src/i18n/context.tsx:52
[  290210ms] [WARNING] Translation key not found: opsV2.errors.apiError @ http://localhost:5173/src/i18n/context.tsx:52
[  290211ms] [WARNING] Translation key not found: opsV2.errors.retry @ http://localhost:5173/src/i18n/context.tsx:52
[  290236ms] [WARNING] Translation key not found: opsV2.errors.apiError @ http://localhost:5173/src/i18n/context.tsx:52
[  290236ms] [WARNING] Translation key not found: opsV2.errors.retry @ http://localhost:5173/src/i18n/context.tsx:52
[  290237ms] [WARNING] Translation key not found: opsV2.errors.apiError @ http://localhost:5173/src/i18n/context.tsx:52
[  290237ms] [WARNING] Translation key not found: opsV2.errors.retry @ http://localhost:5173/src/i18n/context.tsx:52
[  290256ms] [WARNING] Translation key not found: opsV2.errors.retrying @ http://localhost:5173/src/i18n/context.tsx:52
[  290257ms] [WARNING] Translation key not found: opsV2.errors.retrying @ http://localhost:5173/src/i18n/context.tsx:52
[  293256ms] [WARNING] Translation key not found: opsV2.errors.apiError @ http://localhost:5173/src/i18n/context.tsx:52
[  293256ms] [WARNING] Translation key not found: opsV2.errors.retry @ http://localhost:5173/src/i18n/context.tsx:52
[  293257ms] [WARNING] Translation key not found: opsV2.errors.apiError @ http://localhost:5173/src/i18n/context.tsx:52
[  293257ms] [WARNING] Translation key not found: opsV2.errors.retry @ http://localhost:5173/src/i18n/context.tsx:52
[  293278ms] [WARNING] Translation key not found: opsV2.errors.apiError @ http://localhost:5173/src/i18n/context.tsx:52
[  293278ms] [WARNING] Translation key not found: opsV2.errors.retry @ http://localhost:5173/src/i18n/context.tsx:52
[  293279ms] [WARNING] Translation key not found: opsV2.errors.apiError @ http://localhost:5173/src/i18n/context.tsx:52
[  293279ms] [WARNING] Translation key not found: opsV2.errors.retry @ http://localhost:5173/src/i18n/context.tsx:52
[  293300ms] [WARNING] Translation key not found: opsV2.errors.retrying @ http://localhost:5173/src/i18n/context.tsx:52
[  293300ms] [WARNING] Translation key not found: opsV2.errors.retrying @ http://localhost:5173/src/i18n/context.tsx:52
[  296300ms] [WARNING] Translation key not found: opsV2.errors.apiError @ http://localhost:5173/src/i18n/context.tsx:52
[  296300ms] [WARNING] Translation key not found: opsV2.errors.retry @ http://localhost:5173/src/i18n/context.tsx:52
[  296300ms] [WARNING] Translation key not found: opsV2.errors.apiError @ http://localhost:5173/src/i18n/context.tsx:52
[  296300ms] [WARNING] Translation key not found: opsV2.errors.retry @ http://localhost:5173/src/i18n/context.tsx:52
[  296444ms] [WARNING] Translation key not found: opsV2.errors.retrying @ http://localhost:5173/src/i18n/context.tsx:52
[  296445ms] [WARNING] Translation key not found: opsV2.errors.retrying @ http://localhost:5173/src/i18n/context.tsx:52
[  299445ms] [WARNING] Translation key not found: opsV2.errors.apiError @ http://localhost:5173/src/i18n/context.tsx:52
[  299445ms] [WARNING] Translation key not found: opsV2.errors.retry @ http://localhost:5173/src/i18n/context.tsx:52
[  299445ms] [WARNING] Translation key not found: opsV2.errors.apiError @ http://localhost:5173/src/i18n/context.tsx:52
[  299445ms] [WARNING] Translation key not found: opsV2.errors.retry @ http://localhost:5173/src/i18n/context.tsx:52
[  299473ms] [WARNING] Translation key not found: opsV2.errors.apiError @ http://localhost:5173/src/i18n/context.tsx:52
[  299473ms] [WARNING] Translation key not found: opsV2.errors.retry @ http://localhost:5173/src/i18n/context.tsx:52
[  299473ms] [WARNING] Translation key not found: opsV2.errors.apiError @ http://localhost:5173/src/i18n/context.tsx:52
[  299474ms] [WARNING] Translation key not found: opsV2.errors.retry @ http://localhost:5173/src/i18n/context.tsx:52
[  299496ms] [WARNING] Translation key not found: opsV2.errors.retrying @ http://localhost:5173/src/i18n/context.tsx:52
[  299497ms] [WARNING] Translation key not found: opsV2.errors.retrying @ http://localhost:5173/src/i18n/context.tsx:52
[  300982ms] [INFO] %cDownload the React DevTools for a better development experience: https://react.dev/link/react-devtools font-weight:bold @ http://localhost:5173/node_modules/.vite/deps/react-dom_client.js?v=83cbdf31:20102
[  301102ms] [ERROR] Failed to load resource: the server responded with a status of 500 (Internal Server Error) @ http://localhost:5173/health:0
[  301104ms] [ERROR] Failed to load projects for ApprovalDialog TypeError: Cannot read properties of undefined (reading 'map')
    at listProjects (http://localhost:5173/src/lib/api/projects.ts:64:24)
    at async initProjects (http://localhost:5173/src/components/agent/ApprovalDialog.tsx:41:23) @ http://localhost:5173/src/components/agent/ApprovalDialog.tsx:47
[  301105ms] [WARNING] Translation key not found: opsV2.errors.apiError @ http://localhost:5173/src/i18n/context.tsx:52
[  301105ms] [WARNING] Translation key not found: opsV2.errors.retry @ http://localhost:5173/src/i18n/context.tsx:52
[  301105ms] [WARNING] Translation key not found: opsV2.errors.apiError @ http://localhost:5173/src/i18n/context.tsx:52
[  301105ms] [WARNING] Translation key not found: opsV2.errors.retry @ http://localhost:5173/src/i18n/context.tsx:52
[  301133ms] [ERROR] Failed to load resource: the server responded with a status of 500 (Internal Server Error) @ http://localhost:5173/health:0
[  301144ms] [WARNING] Translation key not found: opsV2.errors.apiError @ http://localhost:5173/src/i18n/context.tsx:52
[  301144ms] [WARNING] Translation key not found: opsV2.errors.retry @ http://localhost:5173/src/i18n/context.tsx:52
[  301145ms] [WARNING] Translation key not found: opsV2.errors.apiError @ http://localhost:5173/src/i18n/context.tsx:52
[  301145ms] [WARNING] Translation key not found: opsV2.errors.retry @ http://localhost:5173/src/i18n/context.tsx:52
[  301178ms] [WARNING] Translation key not found: opsV2.errors.retrying @ http://localhost:5173/src/i18n/context.tsx:52
[  301179ms] [WARNING] Translation key not found: opsV2.errors.retrying @ http://localhost:5173/src/i18n/context.tsx:52
[  301201ms] [ERROR] Failed to load projects for ApprovalDialog TypeError: Cannot read properties of undefined (reading 'map')
    at listProjects (http://localhost:5173/src/lib/api/projects.ts:64:24)
    at async initProjects (http://localhost:5173/src/components/agent/ApprovalDialog.tsx:41:23) @ http://localhost:5173/src/components/agent/ApprovalDialog.tsx:47
[  301206ms] [WARNING] Translation key not found: opsV2.errors.retrying @ http://localhost:5173/src/i18n/context.tsx:52
[  301206ms] [WARNING] Translation key not found: opsV2.errors.retrying @ http://localhost:5173/src/i18n/context.tsx:52
[  301224ms] [WARNING] Translation key not found: opsV2.errors.apiError @ http://localhost:5173/src/i18n/context.tsx:52
[  301224ms] [WARNING] Translation key not found: opsV2.errors.retry @ http://localhost:5173/src/i18n/context.tsx:52
[  301224ms] [WARNING] Translation key not found: opsV2.errors.apiError @ http://localhost:5173/src/i18n/context.tsx:52
[  301224ms] [WARNING] Translation key not found: opsV2.errors.retry @ http://localhost:5173/src/i18n/context.tsx:52
[  301230ms] [WARNING] Translation key not found: opsV2.errors.retrying @ http://localhost:5173/src/i18n/context.tsx:52
[  301231ms] [WARNING] Translation key not found: opsV2.errors.retrying @ http://localhost:5173/src/i18n/context.tsx:52
[  304174ms] [WARNING] Translation key not found: opsV2.errors.apiError @ http://localhost:5173/src/i18n/context.tsx:52
[  304174ms] [WARNING] Translation key not found: opsV2.errors.retry @ http://localhost:5173/src/i18n/context.tsx:52
[  304175ms] [WARNING] Translation key not found: opsV2.errors.apiError @ http://localhost:5173/src/i18n/context.tsx:52
[  304175ms] [WARNING] Translation key not found: opsV2.errors.retry @ http://localhost:5173/src/i18n/context.tsx:52
[  304196ms] [WARNING] Translation key not found: opsV2.errors.apiError @ http://localhost:5173/src/i18n/context.tsx:52
[  304196ms] [WARNING] Translation key not found: opsV2.errors.retry @ http://localhost:5173/src/i18n/context.tsx:52
[  304197ms] [WARNING] Translation key not found: opsV2.errors.apiError @ http://localhost:5173/src/i18n/context.tsx:52
[  304197ms] [WARNING] Translation key not found: opsV2.errors.retry @ http://localhost:5173/src/i18n/context.tsx:52
[  304219ms] [WARNING] Translation key not found: opsV2.errors.retrying @ http://localhost:5173/src/i18n/context.tsx:52
[  304220ms] [WARNING] Translation key not found: opsV2.errors.retrying @ http://localhost:5173/src/i18n/context.tsx:52
[  304243ms] [WARNING] Translation key not found: opsV2.errors.apiError @ http://localhost:5173/src/i18n/context.tsx:52
[  304243ms] [WARNING] Translation key not found: opsV2.errors.retry @ http://localhost:5173/src/i18n/context.tsx:52
[  304243ms] [WARNING] Translation key not found: opsV2.errors.apiError @ http://localhost:5173/src/i18n/context.tsx:52
[  304244ms] [WARNING] Translation key not found: opsV2.errors.retry @ http://localhost:5173/src/i18n/context.tsx:52
[  304265ms] [WARNING] Translation key not found: opsV2.errors.apiError @ http://localhost:5173/src/i18n/context.tsx:52
[  304265ms] [WARNING] Translation key not found: opsV2.errors.retry @ http://localhost:5173/src/i18n/context.tsx:52
[  304266ms] [WARNING] Translation key not found: opsV2.errors.apiError @ http://localhost:5173/src/i18n/context.tsx:52
[  304266ms] [WARNING] Translation key not found: opsV2.errors.retry @ http://localhost:5173/src/i18n/context.tsx:52
[  304287ms] [WARNING] Translation key not found: opsV2.errors.retrying @ http://localhost:5173/src/i18n/context.tsx:52
[  304287ms] [WARNING] Translation key not found: opsV2.errors.retrying @ http://localhost:5173/src/i18n/context.tsx:52
[  307220ms] [WARNING] Translation key not found: opsV2.errors.apiError @ http://localhost:5173/src/i18n/context.tsx:52
[  307220ms] [WARNING] Translation key not found: opsV2.errors.retry @ http://localhost:5173/src/i18n/context.tsx:52
[  307221ms] [WARNING] Translation key not found: opsV2.errors.apiError @ http://localhost:5173/src/i18n/context.tsx:52
[  307221ms] [WARNING] Translation key not found: opsV2.errors.retry @ http://localhost:5173/src/i18n/context.tsx:52
[  307243ms] [WARNING] Translation key not found: opsV2.errors.apiError @ http://localhost:5173/src/i18n/context.tsx:52
[  307243ms] [WARNING] Translation key not found: opsV2.errors.retry @ http://localhost:5173/src/i18n/context.tsx:52
[  307243ms] [WARNING] Translation key not found: opsV2.errors.apiError @ http://localhost:5173/src/i18n/context.tsx:52
[  307243ms] [WARNING] Translation key not found: opsV2.errors.retry @ http://localhost:5173/src/i18n/context.tsx:52
[  307266ms] [WARNING] Translation key not found: opsV2.errors.retrying @ http://localhost:5173/src/i18n/context.tsx:52
[  307266ms] [WARNING] Translation key not found: opsV2.errors.retrying @ http://localhost:5173/src/i18n/context.tsx:52
[  307288ms] [WARNING] Translation key not found: opsV2.errors.apiError @ http://localhost:5173/src/i18n/context.tsx:52
[  307288ms] [WARNING] Translation key not found: opsV2.errors.retry @ http://localhost:5173/src/i18n/context.tsx:52
[  307288ms] [WARNING] Translation key not found: opsV2.errors.apiError @ http://localhost:5173/src/i18n/context.tsx:52
[  307288ms] [WARNING] Translation key not found: opsV2.errors.retry @ http://localhost:5173/src/i18n/context.tsx:52
[  307312ms] [WARNING] Translation key not found: opsV2.errors.apiError @ http://localhost:5173/src/i18n/context.tsx:52
[  307312ms] [WARNING] Translation key not found: opsV2.errors.retry @ http://localhost:5173/src/i18n/context.tsx:52
[  307313ms] [WARNING] Translation key not found: opsV2.errors.apiError @ http://localhost:5173/src/i18n/context.tsx:52
[  307313ms] [WARNING] Translation key not found: opsV2.errors.retry @ http://localhost:5173/src/i18n/context.tsx:52
[  307333ms] [WARNING] Translation key not found: opsV2.errors.retrying @ http://localhost:5173/src/i18n/context.tsx:52
[  307333ms] [WARNING] Translation key not found: opsV2.errors.retrying @ http://localhost:5173/src/i18n/context.tsx:52
[  310265ms] [WARNING] Translation key not found: opsV2.errors.apiError @ http://localhost:5173/src/i18n/context.tsx:52
[  310266ms] [WARNING] Translation key not found: opsV2.errors.retry @ http://localhost:5173/src/i18n/context.tsx:52
[  310266ms] [WARNING] Translation key not found: opsV2.errors.apiError @ http://localhost:5173/src/i18n/context.tsx:52
[  310266ms] [WARNING] Translation key not found: opsV2.errors.retry @ http://localhost:5173/src/i18n/context.tsx:52
[  310293ms] [WARNING] Translation key not found: opsV2.errors.apiError @ http://localhost:5173/src/i18n/context.tsx:52
[  310293ms] [WARNING] Translation key not found: opsV2.errors.retry @ http://localhost:5173/src/i18n/context.tsx:52
[  310293ms] [WARNING] Translation key not found: opsV2.errors.apiError @ http://localhost:5173/src/i18n/context.tsx:52
[  310293ms] [WARNING] Translation key not found: opsV2.errors.retry @ http://localhost:5173/src/i18n/context.tsx:52
[  310319ms] [WARNING] Translation key not found: opsV2.errors.retrying @ http://localhost:5173/src/i18n/context.tsx:52
[  310319ms] [WARNING] Translation key not found: opsV2.errors.retrying @ http://localhost:5173/src/i18n/context.tsx:52
[  310342ms] [WARNING] Translation key not found: opsV2.errors.apiError @ http://localhost:5173/src/i18n/context.tsx:52
[  310342ms] [WARNING] Translation key not found: opsV2.errors.retry @ http://localhost:5173/src/i18n/context.tsx:52
[  310343ms] [WARNING] Translation key not found: opsV2.errors.apiError @ http://localhost:5173/src/i18n/context.tsx:52
[  310343ms] [WARNING] Translation key not found: opsV2.errors.retry @ http://localhost:5173/src/i18n/context.tsx:52
[  310369ms] [WARNING] Translation key not found: opsV2.errors.apiError @ http://localhost:5173/src/i18n/context.tsx:52
[  310369ms] [WARNING] Translation key not found: opsV2.errors.retry @ http://localhost:5173/src/i18n/context.tsx:52
[  310369ms] [WARNING] Translation key not found: opsV2.errors.apiError @ http://localhost:5173/src/i18n/context.tsx:52
[  310369ms] [WARNING] Translation key not found: opsV2.errors.retry @ http://localhost:5173/src/i18n/context.tsx:52
[  310393ms] [WARNING] Translation key not found: opsV2.errors.retrying @ http://localhost:5173/src/i18n/context.tsx:52
[  310394ms] [WARNING] Translation key not found: opsV2.errors.retrying @ http://localhost:5173/src/i18n/context.tsx:52
[  313318ms] [WARNING] Translation key not found: opsV2.errors.apiError @ http://localhost:5173/src/i18n/context.tsx:52
[  313319ms] [WARNING] Translation key not found: opsV2.errors.retry @ http://localhost:5173/src/i18n/context.tsx:52
[  313319ms] [WARNING] Translation key not found: opsV2.errors.apiError @ http://localhost:5173/src/i18n/context.tsx:52
[  313319ms] [WARNING] Translation key not found: opsV2.errors.retry @ http://localhost:5173/src/i18n/context.tsx:52
[  313342ms] [WARNING] Translation key not found: opsV2.errors.apiError @ http://localhost:5173/src/i18n/context.tsx:52
[  313342ms] [WARNING] Translation key not found: opsV2.errors.retry @ http://localhost:5173/src/i18n/context.tsx:52
[  313342ms] [WARNING] Translation key not found: opsV2.errors.apiError @ http://localhost:5173/src/i18n/context.tsx:52
[  313342ms] [WARNING] Translation key not found: opsV2.errors.retry @ http://localhost:5173/src/i18n/context.tsx:52
[  313368ms] [WARNING] Translation key not found: opsV2.errors.retrying @ http://localhost:5173/src/i18n/context.tsx:52
[  313368ms] [WARNING] Translation key not found: opsV2.errors.retrying @ http://localhost:5173/src/i18n/context.tsx:52
[  313393ms] [WARNING] Translation key not found: opsV2.errors.apiError @ http://localhost:5173/src/i18n/context.tsx:52
[  313393ms] [WARNING] Translation key not found: opsV2.errors.retry @ http://localhost:5173/src/i18n/context.tsx:52
[  313393ms] [WARNING] Translation key not found: opsV2.errors.apiError @ http://localhost:5173/src/i18n/context.tsx:52
[  313394ms] [WARNING] Translation key not found: opsV2.errors.retry @ http://localhost:5173/src/i18n/context.tsx:52
[  313426ms] [WARNING] Translation key not found: opsV2.errors.apiError @ http://localhost:5173/src/i18n/context.tsx:52
[  313426ms] [WARNING] Translation key not found: opsV2.errors.retry @ http://localhost:5173/src/i18n/context.tsx:52
[  313426ms] [WARNING] Translation key not found: opsV2.errors.apiError @ http://localhost:5173/src/i18n/context.tsx:52
[  313427ms] [WARNING] Translation key not found: opsV2.errors.retry @ http://localhost:5173/src/i18n/context.tsx:52
[  313449ms] [WARNING] Translation key not found: opsV2.errors.retrying @ http://localhost:5173/src/i18n/context.tsx:52
[  313450ms] [WARNING] Translation key not found: opsV2.errors.retrying @ http://localhost:5173/src/i18n/context.tsx:52
[  316368ms] [WARNING] Translation key not found: opsV2.errors.apiError @ http://localhost:5173/src/i18n/context.tsx:52
[  316368ms] [WARNING] Translation key not found: opsV2.errors.retry @ http://localhost:5173/src/i18n/context.tsx:52
[  316369ms] [WARNING] Translation key not found: opsV2.errors.apiError @ http://localhost:5173/src/i18n/context.tsx:52
[  316369ms] [WARNING] Translation key not found: opsV2.errors.retry @ http://localhost:5173/src/i18n/context.tsx:52
[  316396ms] [WARNING] Translation key not found: opsV2.errors.apiError @ http://localhost:5173/src/i18n/context.tsx:52
[  316396ms] [WARNING] Translation key not found: opsV2.errors.retry @ http://localhost:5173/src/i18n/context.tsx:52
[  316397ms] [WARNING] Translation key not found: opsV2.errors.apiError @ http://localhost:5173/src/i18n/context.tsx:52
[  316397ms] [WARNING] Translation key not found: opsV2.errors.retry @ http://localhost:5173/src/i18n/context.tsx:52
[  316422ms] [WARNING] Translation key not found: opsV2.errors.retrying @ http://localhost:5173/src/i18n/context.tsx:52
[  316423ms] [WARNING] Translation key not found: opsV2.errors.retrying @ http://localhost:5173/src/i18n/context.tsx:52
[  316449ms] [WARNING] Translation key not found: opsV2.errors.apiError @ http://localhost:5173/src/i18n/context.tsx:52
[  316449ms] [WARNING] Translation key not found: opsV2.errors.retry @ http://localhost:5173/src/i18n/context.tsx:52
[  316450ms] [WARNING] Translation key not found: opsV2.errors.apiError @ http://localhost:5173/src/i18n/context.tsx:52
[  316450ms] [WARNING] Translation key not found: opsV2.errors.retry @ http://localhost:5173/src/i18n/context.tsx:52
[  316475ms] [WARNING] Translation key not found: opsV2.errors.apiError @ http://localhost:5173/src/i18n/context.tsx:52
[  316475ms] [WARNING] Translation key not found: opsV2.errors.retry @ http://localhost:5173/src/i18n/context.tsx:52
[  316476ms] [WARNING] Translation key not found: opsV2.errors.apiError @ http://localhost:5173/src/i18n/context.tsx:52
[  316476ms] [WARNING] Translation key not found: opsV2.errors.retry @ http://localhost:5173/src/i18n/context.tsx:52
[  316496ms] [WARNING] Translation key not found: opsV2.errors.retrying @ http://localhost:5173/src/i18n/context.tsx:52
[  316496ms] [WARNING] Translation key not found: opsV2.errors.retrying @ http://localhost:5173/src/i18n/context.tsx:52
[  319423ms] [WARNING] Translation key not found: opsV2.errors.apiError @ http://localhost:5173/src/i18n/context.tsx:52
[  319423ms] [WARNING] Translation key not found: opsV2.errors.retry @ http://localhost:5173/src/i18n/context.tsx:52
[  319423ms] [WARNING] Translation key not found: opsV2.errors.apiError @ http://localhost:5173/src/i18n/context.tsx:52
[  319423ms] [WARNING] Translation key not found: opsV2.errors.retry @ http://localhost:5173/src/i18n/context.tsx:52
[  319443ms] [WARNING] Translation key not found: opsV2.errors.apiError @ http://localhost:5173/src/i18n/context.tsx:52
[  319444ms] [WARNING] Translation key not found: opsV2.errors.retry @ http://localhost:5173/src/i18n/context.tsx:52
[  319444ms] [WARNING] Translation key not found: opsV2.errors.apiError @ http://localhost:5173/src/i18n/context.tsx:52
[  319444ms] [WARNING] Translation key not found: opsV2.errors.retry @ http://localhost:5173/src/i18n/context.tsx:52
[  319467ms] [WARNING] Translation key not found: opsV2.errors.retrying @ http://localhost:5173/src/i18n/context.tsx:52
[  319467ms] [WARNING] Translation key not found: opsV2.errors.retrying @ http://localhost:5173/src/i18n/context.tsx:52
[  319495ms] [WARNING] Translation key not found: opsV2.errors.apiError @ http://localhost:5173/src/i18n/context.tsx:52
[  319495ms] [WARNING] Translation key not found: opsV2.errors.retry @ http://localhost:5173/src/i18n/context.tsx:52
[  319496ms] [WARNING] Translation key not found: opsV2.errors.apiError @ http://localhost:5173/src/i18n/context.tsx:52
[  319496ms] [WARNING] Translation key not found: opsV2.errors.retry @ http://localhost:5173/src/i18n/context.tsx:52
[  319519ms] [WARNING] Translation key not found: opsV2.errors.apiError @ http://localhost:5173/src/i18n/context.tsx:52
[  319519ms] [WARNING] Translation key not found: opsV2.errors.retry @ http://localhost:5173/src/i18n/context.tsx:52
[  319519ms] [WARNING] Translation key not found: opsV2.errors.apiError @ http://localhost:5173/src/i18n/context.tsx:52
[  319519ms] [WARNING] Translation key not found: opsV2.errors.retry @ http://localhost:5173/src/i18n/context.tsx:52
[  319538ms] [WARNING] Translation key not found: opsV2.errors.retrying @ http://localhost:5173/src/i18n/context.tsx:52
[  319539ms] [WARNING] Translation key not found: opsV2.errors.retrying @ http://localhost:5173/src/i18n/context.tsx:52
[  322467ms] [WARNING] Translation key not found: opsV2.errors.apiError @ http://localhost:5173/src/i18n/context.tsx:52
[  322467ms] [WARNING] Translation key not found: opsV2.errors.retry @ http://localhost:5173/src/i18n/context.tsx:52
[  322468ms] [WARNING] Translation key not found: opsV2.errors.apiError @ http://localhost:5173/src/i18n/context.tsx:52
[  322468ms] [WARNING] Translation key not found: opsV2.errors.retry @ http://localhost:5173/src/i18n/context.tsx:52
[  322490ms] [WARNING] Translation key not found: opsV2.errors.apiError @ http://localhost:5173/src/i18n/context.tsx:52
[  322490ms] [WARNING] Translation key not found: opsV2.errors.retry @ http://localhost:5173/src/i18n/context.tsx:52
[  322490ms] [WARNING] Translation key not found: opsV2.errors.apiError @ http://localhost:5173/src/i18n/context.tsx:52
[  322490ms] [WARNING] Translation key not found: opsV2.errors.retry @ http://localhost:5173/src/i18n/context.tsx:52
[  322512ms] [WARNING] Translation key not found: opsV2.errors.retrying @ http://localhost:5173/src/i18n/context.tsx:52
[  322513ms] [WARNING] Translation key not found: opsV2.errors.retrying @ http://localhost:5173/src/i18n/context.tsx:52
[  322538ms] [WARNING] Translation key not found: opsV2.errors.apiError @ http://localhost:5173/src/i18n/context.tsx:52
[  322538ms] [WARNING] Translation key not found: opsV2.errors.retry @ http://localhost:5173/src/i18n/context.tsx:52
[  322538ms] [WARNING] Translation key not found: opsV2.errors.apiError @ http://localhost:5173/src/i18n/context.tsx:52
[  322538ms] [WARNING] Translation key not found: opsV2.errors.retry @ http://localhost:5173/src/i18n/context.tsx:52
[  322562ms] [WARNING] Translation key not found: opsV2.errors.apiError @ http://localhost:5173/src/i18n/context.tsx:52
[  322562ms] [WARNING] Translation key not found: opsV2.errors.retry @ http://localhost:5173/src/i18n/context.tsx:52
[  322562ms] [WARNING] Translation key not found: opsV2.errors.apiError @ http://localhost:5173/src/i18n/context.tsx:52
[  322562ms] [WARNING] Translation key not found: opsV2.errors.retry @ http://localhost:5173/src/i18n/context.tsx:52
[  322584ms] [WARNING] Translation key not found: opsV2.errors.retrying @ http://localhost:5173/src/i18n/context.tsx:52
[  322584ms] [WARNING] Translation key not found: opsV2.errors.retrying @ http://localhost:5173/src/i18n/context.tsx:52
[  325512ms] [WARNING] Translation key not found: opsV2.errors.apiError @ http://localhost:5173/src/i18n/context.tsx:52
[  325512ms] [WARNING] Translation key not found: opsV2.errors.retry @ http://localhost:5173/src/i18n/context.tsx:52
[  325512ms] [WARNING] Translation key not found: opsV2.errors.apiError @ http://localhost:5173/src/i18n/context.tsx:52
[  325512ms] [WARNING] Translation key not found: opsV2.errors.retry @ http://localhost:5173/src/i18n/context.tsx:52
[  325533ms] [WARNING] Translation key not found: opsV2.errors.apiError @ http://localhost:5173/src/i18n/context.tsx:52
[  325533ms] [WARNING] Translation key not found: opsV2.errors.retry @ http://localhost:5173/src/i18n/context.tsx:52
[  325533ms] [WARNING] Translation key not found: opsV2.errors.apiError @ http://localhost:5173/src/i18n/context.tsx:52
[  325534ms] [WARNING] Translation key not found: opsV2.errors.retry @ http://localhost:5173/src/i18n/context.tsx:52
[  325555ms] [WARNING] Translation key not found: opsV2.errors.retrying @ http://localhost:5173/src/i18n/context.tsx:52
[  325555ms] [WARNING] Translation key not found: opsV2.errors.retrying @ http://localhost:5173/src/i18n/context.tsx:52
[  325583ms] [WARNING] Translation key not found: opsV2.errors.apiError @ http://localhost:5173/src/i18n/context.tsx:52
[  325583ms] [WARNING] Translation key not found: opsV2.errors.retry @ http://localhost:5173/src/i18n/context.tsx:52
[  325584ms] [WARNING] Translation key not found: opsV2.errors.apiError @ http://localhost:5173/src/i18n/context.tsx:52
[  325584ms] [WARNING] Translation key not found: opsV2.errors.retry @ http://localhost:5173/src/i18n/context.tsx:52
[  325607ms] [WARNING] Translation key not found: opsV2.errors.apiError @ http://localhost:5173/src/i18n/context.tsx:52
[  325607ms] [WARNING] Translation key not found: opsV2.errors.retry @ http://localhost:5173/src/i18n/context.tsx:52
[  325608ms] [WARNING] Translation key not found: opsV2.errors.apiError @ http://localhost:5173/src/i18n/context.tsx:52
[  325608ms] [WARNING] Translation key not found: opsV2.errors.retry @ http://localhost:5173/src/i18n/context.tsx:52
[  325628ms] [WARNING] Translation key not found: opsV2.errors.retrying @ http://localhost:5173/src/i18n/context.tsx:52
[  325628ms] [WARNING] Translation key not found: opsV2.errors.retrying @ http://localhost:5173/src/i18n/context.tsx:52
[  328556ms] [WARNING] Translation key not found: opsV2.errors.apiError @ http://localhost:5173/src/i18n/context.tsx:52
[  328556ms] [WARNING] Translation key not found: opsV2.errors.retry @ http://localhost:5173/src/i18n/context.tsx:52
[  328556ms] [WARNING] Translation key not found: opsV2.errors.apiError @ http://localhost:5173/src/i18n/context.tsx:52
[  328556ms] [WARNING] Translation key not found: opsV2.errors.retry @ http://localhost:5173/src/i18n/context.tsx:52
[  328578ms] [WARNING] Translation key not found: opsV2.errors.apiError @ http://localhost:5173/src/i18n/context.tsx:52
[  328578ms] [WARNING] Translation key not found: opsV2.errors.retry @ http://localhost:5173/src/i18n/context.tsx:52
[  328578ms] [WARNING] Translation key not found: opsV2.errors.apiError @ http://localhost:5173/src/i18n/context.tsx:52
[  328578ms] [WARNING] Translation key not found: opsV2.errors.retry @ http://localhost:5173/src/i18n/context.tsx:52
[  328603ms] [WARNING] Translation key not found: opsV2.errors.retrying @ http://localhost:5173/src/i18n/context.tsx:52
[  328603ms] [WARNING] Translation key not found: opsV2.errors.retrying @ http://localhost:5173/src/i18n/context.tsx:52
[  328627ms] [WARNING] Translation key not found: opsV2.errors.apiError @ http://localhost:5173/src/i18n/context.tsx:52
[  328628ms] [WARNING] Translation key not found: opsV2.errors.retry @ http://localhost:5173/src/i18n/context.tsx:52
[  328628ms] [WARNING] Translation key not found: opsV2.errors.apiError @ http://localhost:5173/src/i18n/context.tsx:52
[  328628ms] [WARNING] Translation key not found: opsV2.errors.retry @ http://localhost:5173/src/i18n/context.tsx:52
[  328649ms] [WARNING] Translation key not found: opsV2.errors.apiError @ http://localhost:5173/src/i18n/context.tsx:52
[  328649ms] [WARNING] Translation key not found: opsV2.errors.retry @ http://localhost:5173/src/i18n/context.tsx:52
[  328649ms] [WARNING] Translation key not found: opsV2.errors.apiError @ http://localhost:5173/src/i18n/context.tsx:52
[  328649ms] [WARNING] Translation key not found: opsV2.errors.retry @ http://localhost:5173/src/i18n/context.tsx:52
[  328669ms] [WARNING] Translation key not found: opsV2.errors.retrying @ http://localhost:5173/src/i18n/context.tsx:52
[  328669ms] [WARNING] Translation key not found: opsV2.errors.retrying @ http://localhost:5173/src/i18n/context.tsx:52
[  331603ms] [WARNING] Translation key not found: opsV2.errors.apiError @ http://localhost:5173/src/i18n/context.tsx:52
[  331604ms] [WARNING] Translation key not found: opsV2.errors.retry @ http://localhost:5173/src/i18n/context.tsx:52
[  331604ms] [WARNING] Translation key not found: opsV2.errors.apiError @ http://localhost:5173/src/i18n/context.tsx:52
[  331604ms] [WARNING] Translation key not found: opsV2.errors.retry @ http://localhost:5173/src/i18n/context.tsx:52
[  331625ms] [WARNING] Translation key not found: opsV2.errors.apiError @ http://localhost:5173/src/i18n/context.tsx:52
[  331625ms] [WARNING] Translation key not found: opsV2.errors.retry @ http://localhost:5173/src/i18n/context.tsx:52
[  331626ms] [WARNING] Translation key not found: opsV2.errors.apiError @ http://localhost:5173/src/i18n/context.tsx:52
[  331626ms] [WARNING] Translation key not found: opsV2.errors.retry @ http://localhost:5173/src/i18n/context.tsx:52
[  331649ms] [WARNING] Translation key not found: opsV2.errors.retrying @ http://localhost:5173/src/i18n/context.tsx:52
[  331650ms] [WARNING] Translation key not found: opsV2.errors.retrying @ http://localhost:5173/src/i18n/context.tsx:52
[  331671ms] [WARNING] Translation key not found: opsV2.errors.apiError @ http://localhost:5173/src/i18n/context.tsx:52
[  331671ms] [WARNING] Translation key not found: opsV2.errors.retry @ http://localhost:5173/src/i18n/context.tsx:52
[  331672ms] [WARNING] Translation key not found: opsV2.errors.apiError @ http://localhost:5173/src/i18n/context.tsx:52
[  331672ms] [WARNING] Translation key not found: opsV2.errors.retry @ http://localhost:5173/src/i18n/context.tsx:52
[  331697ms] [WARNING] Translation key not found: opsV2.errors.apiError @ http://localhost:5173/src/i18n/context.tsx:52
[  331697ms] [WARNING] Translation key not found: opsV2.errors.retry @ http://localhost:5173/src/i18n/context.tsx:52
[  331697ms] [WARNING] Translation key not found: opsV2.errors.apiError @ http://localhost:5173/src/i18n/context.tsx:52
[  331697ms] [WARNING] Translation key not found: opsV2.errors.retry @ http://localhost:5173/src/i18n/context.tsx:52
[  331717ms] [WARNING] Translation key not found: opsV2.errors.retrying @ http://localhost:5173/src/i18n/context.tsx:52
[  331718ms] [WARNING] Translation key not found: opsV2.errors.retrying @ http://localhost:5173/src/i18n/context.tsx:52
[  334650ms] [WARNING] Translation key not found: opsV2.errors.apiError @ http://localhost:5173/src/i18n/context.tsx:52
[  334650ms] [WARNING] Translation key not found: opsV2.errors.retry @ http://localhost:5173/src/i18n/context.tsx:52
[  334650ms] [WARNING] Translation key not found: opsV2.errors.apiError @ http://localhost:5173/src/i18n/context.tsx:52
[  334650ms] [WARNING] Translation key not found: opsV2.errors.retry @ http://localhost:5173/src/i18n/context.tsx:52
[  334677ms] [WARNING] Translation key not found: opsV2.errors.apiError @ http://localhost:5173/src/i18n/context.tsx:52
[  334677ms] [WARNING] Translation key not found: opsV2.errors.retry @ http://localhost:5173/src/i18n/context.tsx:52
[  334678ms] [WARNING] Translation key not found: opsV2.errors.apiError @ http://localhost:5173/src/i18n/context.tsx:52
[  334678ms] [WARNING] Translation key not found: opsV2.errors.retry @ http://localhost:5173/src/i18n/context.tsx:52
[  334704ms] [WARNING] Translation key not found: opsV2.errors.retrying @ http://localhost:5173/src/i18n/context.tsx:52
[  334707ms] [WARNING] Translation key not found: opsV2.errors.retrying @ http://localhost:5173/src/i18n/context.tsx:52
[  334728ms] [WARNING] Translation key not found: opsV2.errors.apiError @ http://localhost:5173/src/i18n/context.tsx:52
[  334728ms] [WARNING] Translation key not found: opsV2.errors.retry @ http://localhost:5173/src/i18n/context.tsx:52
[  334728ms] [WARNING] Translation key not found: opsV2.errors.apiError @ http://localhost:5173/src/i18n/context.tsx:52
[  334728ms] [WARNING] Translation key not found: opsV2.errors.retry @ http://localhost:5173/src/i18n/context.tsx:52
[  334751ms] [WARNING] Translation key not found: opsV2.errors.apiError @ http://localhost:5173/src/i18n/context.tsx:52
[  334751ms] [WARNING] Translation key not found: opsV2.errors.retry @ http://localhost:5173/src/i18n/context.tsx:52
[  334752ms] [WARNING] Translation key not found: opsV2.errors.apiError @ http://localhost:5173/src/i18n/context.tsx:52
[  334752ms] [WARNING] Translation key not found: opsV2.errors.retry @ http://localhost:5173/src/i18n/context.tsx:52
[  334772ms] [WARNING] Translation key not found: opsV2.errors.retrying @ http://localhost:5173/src/i18n/context.tsx:52
[  334772ms] [WARNING] Translation key not found: opsV2.errors.retrying @ http://localhost:5173/src/i18n/context.tsx:52
[  337704ms] [WARNING] Translation key not found: opsV2.errors.apiError @ http://localhost:5173/src/i18n/context.tsx:52
[  337704ms] [WARNING] Translation key not found: opsV2.errors.retry @ http://localhost:5173/src/i18n/context.tsx:52
[  337704ms] [WARNING] Translation key not found: opsV2.errors.apiError @ http://localhost:5173/src/i18n/context.tsx:52
[  337704ms] [WARNING] Translation key not found: opsV2.errors.retry @ http://localhost:5173/src/i18n/context.tsx:52
[  337726ms] [WARNING] Translation key not found: opsV2.errors.apiError @ http://localhost:5173/src/i18n/context.tsx:52
[  337726ms] [WARNING] Translation key not found: opsV2.errors.retry @ http://localhost:5173/src/i18n/context.tsx:52
[  337727ms] [WARNING] Translation key not found: opsV2.errors.apiError @ http://localhost:5173/src/i18n/context.tsx:52
[  337727ms] [WARNING] Translation key not found: opsV2.errors.retry @ http://localhost:5173/src/i18n/context.tsx:52
[  337750ms] [WARNING] Translation key not found: opsV2.errors.retrying @ http://localhost:5173/src/i18n/context.tsx:52
[  337750ms] [WARNING] Translation key not found: opsV2.errors.retrying @ http://localhost:5173/src/i18n/context.tsx:52
[  337771ms] [WARNING] Translation key not found: opsV2.errors.apiError @ http://localhost:5173/src/i18n/context.tsx:52
[  337772ms] [WARNING] Translation key not found: opsV2.errors.retry @ http://localhost:5173/src/i18n/context.tsx:52
[  337772ms] [WARNING] Translation key not found: opsV2.errors.apiError @ http://localhost:5173/src/i18n/context.tsx:52
[  337772ms] [WARNING] Translation key not found: opsV2.errors.retry @ http://localhost:5173/src/i18n/context.tsx:52
[  337794ms] [WARNING] Translation key not found: opsV2.errors.apiError @ http://localhost:5173/src/i18n/context.tsx:52
[  337794ms] [WARNING] Translation key not found: opsV2.errors.retry @ http://localhost:5173/src/i18n/context.tsx:52
[  337794ms] [WARNING] Translation key not found: opsV2.errors.apiError @ http://localhost:5173/src/i18n/context.tsx:52
[  337794ms] [WARNING] Translation key not found: opsV2.errors.retry @ http://localhost:5173/src/i18n/context.tsx:52
[  337816ms] [WARNING] Translation key not found: opsV2.errors.retrying @ http://localhost:5173/src/i18n/context.tsx:52
[  337816ms] [WARNING] Translation key not found: opsV2.errors.retrying @ http://localhost:5173/src/i18n/context.tsx:52
[  340750ms] [WARNING] Translation key not found: opsV2.errors.apiError @ http://localhost:5173/src/i18n/context.tsx:52
[  340750ms] [WARNING] Translation key not found: opsV2.errors.retry @ http://localhost:5173/src/i18n/context.tsx:52
[  340751ms] [WARNING] Translation key not found: opsV2.errors.apiError @ http://localhost:5173/src/i18n/context.tsx:52
[  340751ms] [WARNING] Translation key not found: opsV2.errors.retry @ http://localhost:5173/src/i18n/context.tsx:52
[  340774ms] [WARNING] Translation key not found: opsV2.errors.apiError @ http://localhost:5173/src/i18n/context.tsx:52
[  340774ms] [WARNING] Translation key not found: opsV2.errors.retry @ http://localhost:5173/src/i18n/context.tsx:52
[  340774ms] [WARNING] Translation key not found: opsV2.errors.apiError @ http://localhost:5173/src/i18n/context.tsx:52
[  340774ms] [WARNING] Translation key not found: opsV2.errors.retry @ http://localhost:5173/src/i18n/context.tsx:52
[  340797ms] [WARNING] Translation key not found: opsV2.errors.retrying @ http://localhost:5173/src/i18n/context.tsx:52
[  340798ms] [WARNING] Translation key not found: opsV2.errors.retrying @ http://localhost:5173/src/i18n/context.tsx:52
[  340819ms] [WARNING] Translation key not found: opsV2.errors.apiError @ http://localhost:5173/src/i18n/context.tsx:52
[  340819ms] [WARNING] Translation key not found: opsV2.errors.retry @ http://localhost:5173/src/i18n/context.tsx:52
[  340819ms] [WARNING] Translation key not found: opsV2.errors.apiError @ http://localhost:5173/src/i18n/context.tsx:52
[  340820ms] [WARNING] Translation key not found: opsV2.errors.retry @ http://localhost:5173/src/i18n/context.tsx:52
[  340844ms] [WARNING] Translation key not found: opsV2.errors.apiError @ http://localhost:5173/src/i18n/context.tsx:52
[  340844ms] [WARNING] Translation key not found: opsV2.errors.retry @ http://localhost:5173/src/i18n/context.tsx:52
[  340844ms] [WARNING] Translation key not found: opsV2.errors.apiError @ http://localhost:5173/src/i18n/context.tsx:52
[  340845ms] [WARNING] Translation key not found: opsV2.errors.retry @ http://localhost:5173/src/i18n/context.tsx:52
[  340866ms] [WARNING] Translation key not found: opsV2.errors.retrying @ http://localhost:5173/src/i18n/context.tsx:52
[  340866ms] [WARNING] Translation key not found: opsV2.errors.retrying @ http://localhost:5173/src/i18n/context.tsx:52
[  343797ms] [WARNING] Translation key not found: opsV2.errors.apiError @ http://localhost:5173/src/i18n/context.tsx:52
[  343797ms] [WARNING] Translation key not found: opsV2.errors.retry @ http://localhost:5173/src/i18n/context.tsx:52
[  343798ms] [WARNING] Translation key not found: opsV2.errors.apiError @ http://localhost:5173/src/i18n/context.tsx:52
[  343798ms] [WARNING] Translation key not found: opsV2.errors.retry @ http://localhost:5173/src/i18n/context.tsx:52
[  343818ms] [WARNING] Translation key not found: opsV2.errors.apiError @ http://localhost:5173/src/i18n/context.tsx:52
[  343819ms] [WARNING] Translation key not found: opsV2.errors.retry @ http://localhost:5173/src/i18n/context.tsx:52
[  343819ms] [WARNING] Translation key not found: opsV2.errors.apiError @ http://localhost:5173/src/i18n/context.tsx:52
[  343819ms] [WARNING] Translation key not found: opsV2.errors.retry @ http://localhost:5173/src/i18n/context.tsx:52
[  343844ms] [WARNING] Translation key not found: opsV2.errors.retrying @ http://localhost:5173/src/i18n/context.tsx:52
[  343844ms] [WARNING] Translation key not found: opsV2.errors.retrying @ http://localhost:5173/src/i18n/context.tsx:52
[  343866ms] [WARNING] Translation key not found: opsV2.errors.apiError @ http://localhost:5173/src/i18n/context.tsx:52
[  343866ms] [WARNING] Translation key not found: opsV2.errors.retry @ http://localhost:5173/src/i18n/context.tsx:52
[  343866ms] [WARNING] Translation key not found: opsV2.errors.apiError @ http://localhost:5173/src/i18n/context.tsx:52
[  343866ms] [WARNING] Translation key not found: opsV2.errors.retry @ http://localhost:5173/src/i18n/context.tsx:52
[  343890ms] [WARNING] Translation key not found: opsV2.errors.apiError @ http://localhost:5173/src/i18n/context.tsx:52
[  343890ms] [WARNING] Translation key not found: opsV2.errors.retry @ http://localhost:5173/src/i18n/context.tsx:52
[  343890ms] [WARNING] Translation key not found: opsV2.errors.apiError @ http://localhost:5173/src/i18n/context.tsx:52
[  343890ms] [WARNING] Translation key not found: opsV2.errors.retry @ http://localhost:5173/src/i18n/context.tsx:52
[  343911ms] [WARNING] Translation key not found: opsV2.errors.retrying @ http://localhost:5173/src/i18n/context.tsx:52
[  343911ms] [WARNING] Translation key not found: opsV2.errors.retrying @ http://localhost:5173/src/i18n/context.tsx:52
[  346844ms] [WARNING] Translation key not found: opsV2.errors.apiError @ http://localhost:5173/src/i18n/context.tsx:52
[  346844ms] [WARNING] Translation key not found: opsV2.errors.retry @ http://localhost:5173/src/i18n/context.tsx:52
[  346844ms] [WARNING] Translation key not found: opsV2.errors.apiError @ http://localhost:5173/src/i18n/context.tsx:52
[  346845ms] [WARNING] Translation key not found: opsV2.errors.retry @ http://localhost:5173/src/i18n/context.tsx:52
[  346866ms] [WARNING] Translation key not found: opsV2.errors.apiError @ http://localhost:5173/src/i18n/context.tsx:52
[  346866ms] [WARNING] Translation key not found: opsV2.errors.retry @ http://localhost:5173/src/i18n/context.tsx:52
[  346866ms] [WARNING] Translation key not found: opsV2.errors.apiError @ http://localhost:5173/src/i18n/context.tsx:52
[  346866ms] [WARNING] Translation key not found: opsV2.errors.retry @ http://localhost:5173/src/i18n/context.tsx:52
[  346890ms] [WARNING] Translation key not found: opsV2.errors.retrying @ http://localhost:5173/src/i18n/context.tsx:52
[  346890ms] [WARNING] Translation key not found: opsV2.errors.retrying @ http://localhost:5173/src/i18n/context.tsx:52
[  346911ms] [WARNING] Translation key not found: opsV2.errors.apiError @ http://localhost:5173/src/i18n/context.tsx:52
[  346911ms] [WARNING] Translation key not found: opsV2.errors.retry @ http://localhost:5173/src/i18n/context.tsx:52
[  346912ms] [WARNING] Translation key not found: opsV2.errors.apiError @ http://localhost:5173/src/i18n/context.tsx:52
[  346912ms] [WARNING] Translation key not found: opsV2.errors.retry @ http://localhost:5173/src/i18n/context.tsx:52
[  346934ms] [WARNING] Translation key not found: opsV2.errors.apiError @ http://localhost:5173/src/i18n/context.tsx:52
[  346934ms] [WARNING] Translation key not found: opsV2.errors.retry @ http://localhost:5173/src/i18n/context.tsx:52
[  346934ms] [WARNING] Translation key not found: opsV2.errors.apiError @ http://localhost:5173/src/i18n/context.tsx:52
[  346934ms] [WARNING] Translation key not found: opsV2.errors.retry @ http://localhost:5173/src/i18n/context.tsx:52
[  346956ms] [WARNING] Translation key not found: opsV2.errors.retrying @ http://localhost:5173/src/i18n/context.tsx:52
[  346957ms] [WARNING] Translation key not found: opsV2.errors.retrying @ http://localhost:5173/src/i18n/context.tsx:52
[  349890ms] [WARNING] Translation key not found: opsV2.errors.apiError @ http://localhost:5173/src/i18n/context.tsx:52
[  349890ms] [WARNING] Translation key not found: opsV2.errors.retry @ http://localhost:5173/src/i18n/context.tsx:52
[  349891ms] [WARNING] Translation key not found: opsV2.errors.apiError @ http://localhost:5173/src/i18n/context.tsx:52
[  349891ms] [WARNING] Translation key not found: opsV2.errors.retry @ http://localhost:5173/src/i18n/context.tsx:52
[  349911ms] [WARNING] Translation key not found: opsV2.errors.apiError @ http://localhost:5173/src/i18n/context.tsx:52
[  349911ms] [WARNING] Translation key not found: opsV2.errors.retry @ http://localhost:5173/src/i18n/context.tsx:52
[  349912ms] [WARNING] Translation key not found: opsV2.errors.apiError @ http://localhost:5173/src/i18n/context.tsx:52
[  349912ms] [WARNING] Translation key not found: opsV2.errors.retry @ http://localhost:5173/src/i18n/context.tsx:52
[  349934ms] [WARNING] Translation key not found: opsV2.errors.retrying @ http://localhost:5173/src/i18n/context.tsx:52
[  349935ms] [WARNING] Translation key not found: opsV2.errors.retrying @ http://localhost:5173/src/i18n/context.tsx:52
[  349956ms] [WARNING] Translation key not found: opsV2.errors.apiError @ http://localhost:5173/src/i18n/context.tsx:52
[  349956ms] [WARNING] Translation key not found: opsV2.errors.retry @ http://localhost:5173/src/i18n/context.tsx:52
[  349957ms] [WARNING] Translation key not found: opsV2.errors.apiError @ http://localhost:5173/src/i18n/context.tsx:52
[  349957ms] [WARNING] Translation key not found: opsV2.errors.retry @ http://localhost:5173/src/i18n/context.tsx:52
[  349979ms] [WARNING] Translation key not found: opsV2.errors.apiError @ http://localhost:5173/src/i18n/context.tsx:52
[  349979ms] [WARNING] Translation key not found: opsV2.errors.retry @ http://localhost:5173/src/i18n/context.tsx:52
[  349980ms] [WARNING] Translation key not found: opsV2.errors.apiError @ http://localhost:5173/src/i18n/context.tsx:52
[  349980ms] [WARNING] Translation key not found: opsV2.errors.retry @ http://localhost:5173/src/i18n/context.tsx:52
[  350002ms] [WARNING] Translation key not found: opsV2.errors.retrying @ http://localhost:5173/src/i18n/context.tsx:52
[  350002ms] [WARNING] Translation key not found: opsV2.errors.retrying @ http://localhost:5173/src/i18n/context.tsx:52
[  352935ms] [WARNING] Translation key not found: opsV2.errors.apiError @ http://localhost:5173/src/i18n/context.tsx:52
[  352935ms] [WARNING] Translation key not found: opsV2.errors.retry @ http://localhost:5173/src/i18n/context.tsx:52
[  352935ms] [WARNING] Translation key not found: opsV2.errors.apiError @ http://localhost:5173/src/i18n/context.tsx:52
[  352936ms] [WARNING] Translation key not found: opsV2.errors.retry @ http://localhost:5173/src/i18n/context.tsx:52
[  352958ms] [WARNING] Translation key not found: opsV2.errors.apiError @ http://localhost:5173/src/i18n/context.tsx:52
[  352958ms] [WARNING] Translation key not found: opsV2.errors.retry @ http://localhost:5173/src/i18n/context.tsx:52
[  352958ms] [WARNING] Translation key not found: opsV2.errors.apiError @ http://localhost:5173/src/i18n/context.tsx:52
[  352958ms] [WARNING] Translation key not found: opsV2.errors.retry @ http://localhost:5173/src/i18n/context.tsx:52
[  352980ms] [WARNING] Translation key not found: opsV2.errors.retrying @ http://localhost:5173/src/i18n/context.tsx:52
[  352980ms] [WARNING] Translation key not found: opsV2.errors.retrying @ http://localhost:5173/src/i18n/context.tsx:52
[  353003ms] [WARNING] Translation key not found: opsV2.errors.apiError @ http://localhost:5173/src/i18n/context.tsx:52
[  353003ms] [WARNING] Translation key not found: opsV2.errors.retry @ http://localhost:5173/src/i18n/context.tsx:52
[  353003ms] [WARNING] Translation key not found: opsV2.errors.apiError @ http://localhost:5173/src/i18n/context.tsx:52
[  353003ms] [WARNING] Translation key not found: opsV2.errors.retry @ http://localhost:5173/src/i18n/context.tsx:52
[  353026ms] [WARNING] Translation key not found: opsV2.errors.apiError @ http://localhost:5173/src/i18n/context.tsx:52
[  353026ms] [WARNING] Translation key not found: opsV2.errors.retry @ http://localhost:5173/src/i18n/context.tsx:52
[  353026ms] [WARNING] Translation key not found: opsV2.errors.apiError @ http://localhost:5173/src/i18n/context.tsx:52
[  353026ms] [WARNING] Translation key not found: opsV2.errors.retry @ http://localhost:5173/src/i18n/context.tsx:52
[  353047ms] [WARNING] Translation key not found: opsV2.errors.retrying @ http://localhost:5173/src/i18n/context.tsx:52
[  353047ms] [WARNING] Translation key not found: opsV2.errors.retrying @ http://localhost:5173/src/i18n/context.tsx:52
[  355980ms] [WARNING] Translation key not found: opsV2.errors.apiError @ http://localhost:5173/src/i18n/context.tsx:52
[  355980ms] [WARNING] Translation key not found: opsV2.errors.retry @ http://localhost:5173/src/i18n/context.tsx:52
[  355980ms] [WARNING] Translation key not found: opsV2.errors.apiError @ http://localhost:5173/src/i18n/context.tsx:52
[  355980ms] [WARNING] Translation key not found: opsV2.errors.retry @ http://localhost:5173/src/i18n/context.tsx:52
[  356001ms] [WARNING] Translation key not found: opsV2.errors.apiError @ http://localhost:5173/src/i18n/context.tsx:52
[  356001ms] [WARNING] Translation key not found: opsV2.errors.retry @ http://localhost:5173/src/i18n/context.tsx:52
[  356001ms] [WARNING] Translation key not found: opsV2.errors.apiError @ http://localhost:5173/src/i18n/context.tsx:52
[  356001ms] [WARNING] Translation key not found: opsV2.errors.retry @ http://localhost:5173/src/i18n/context.tsx:52
[  356026ms] [WARNING] Translation key not found: opsV2.errors.retrying @ http://localhost:5173/src/i18n/context.tsx:52
[  356027ms] [WARNING] Translation key not found: opsV2.errors.retrying @ http://localhost:5173/src/i18n/context.tsx:52
[  356047ms] [WARNING] Translation key not found: opsV2.errors.apiError @ http://localhost:5173/src/i18n/context.tsx:52
[  356047ms] [WARNING] Translation key not found: opsV2.errors.retry @ http://localhost:5173/src/i18n/context.tsx:52
[  356048ms] [WARNING] Translation key not found: opsV2.errors.apiError @ http://localhost:5173/src/i18n/context.tsx:52
[  356048ms] [WARNING] Translation key not found: opsV2.errors.retry @ http://localhost:5173/src/i18n/context.tsx:52
[  356070ms] [WARNING] Translation key not found: opsV2.errors.apiError @ http://localhost:5173/src/i18n/context.tsx:52
[  356070ms] [WARNING] Translation key not found: opsV2.errors.retry @ http://localhost:5173/src/i18n/context.tsx:52
[  356071ms] [WARNING] Translation key not found: opsV2.errors.apiError @ http://localhost:5173/src/i18n/context.tsx:52
[  356071ms] [WARNING] Translation key not found: opsV2.errors.retry @ http://localhost:5173/src/i18n/context.tsx:52
[  356091ms] [WARNING] Translation key not found: opsV2.errors.retrying @ http://localhost:5173/src/i18n/context.tsx:52
[  356091ms] [WARNING] Translation key not found: opsV2.errors.retrying @ http://localhost:5173/src/i18n/context.tsx:52
[  359027ms] [WARNING] Translation key not found: opsV2.errors.apiError @ http://localhost:5173/src/i18n/context.tsx:52
[  359027ms] [WARNING] Translation key not found: opsV2.errors.retry @ http://localhost:5173/src/i18n/context.tsx:52
[  359027ms] [WARNING] Translation key not found: opsV2.errors.apiError @ http://localhost:5173/src/i18n/context.tsx:52
[  359027ms] [WARNING] Translation key not found: opsV2.errors.retry @ http://localhost:5173/src/i18n/context.tsx:52
[  359048ms] [WARNING] Translation key not found: opsV2.errors.apiError @ http://localhost:5173/src/i18n/context.tsx:52
[  359048ms] [WARNING] Translation key not found: opsV2.errors.retry @ http://localhost:5173/src/i18n/context.tsx:52
[  359049ms] [WARNING] Translation key not found: opsV2.errors.apiError @ http://localhost:5173/src/i18n/context.tsx:52
[  359049ms] [WARNING] Translation key not found: opsV2.errors.retry @ http://localhost:5173/src/i18n/context.tsx:52
[  359072ms] [WARNING] Translation key not found: opsV2.errors.retrying @ http://localhost:5173/src/i18n/context.tsx:52
[  359073ms] [WARNING] Translation key not found: opsV2.errors.retrying @ http://localhost:5173/src/i18n/context.tsx:52
[  359094ms] [WARNING] Translation key not found: opsV2.errors.apiError @ http://localhost:5173/src/i18n/context.tsx:52
[  359094ms] [WARNING] Translation key not found: opsV2.errors.retry @ http://localhost:5173/src/i18n/context.tsx:52
[  359094ms] [WARNING] Translation key not found: opsV2.errors.apiError @ http://localhost:5173/src/i18n/context.tsx:52
[  359094ms] [WARNING] Translation key not found: opsV2.errors.retry @ http://localhost:5173/src/i18n/context.tsx:52
[  359117ms] [WARNING] Translation key not found: opsV2.errors.apiError @ http://localhost:5173/src/i18n/context.tsx:52
[  359117ms] [WARNING] Translation key not found: opsV2.errors.retry @ http://localhost:5173/src/i18n/context.tsx:52
[  359117ms] [WARNING] Translation key not found: opsV2.errors.apiError @ http://localhost:5173/src/i18n/context.tsx:52
[  359118ms] [WARNING] Translation key not found: opsV2.errors.retry @ http://localhost:5173/src/i18n/context.tsx:52
[  359140ms] [WARNING] Translation key not found: opsV2.errors.retrying @ http://localhost:5173/src/i18n/context.tsx:52
[  359140ms] [WARNING] Translation key not found: opsV2.errors.retrying @ http://localhost:5173/src/i18n/context.tsx:52
[  361049ms] [ERROR] Failed to load resource: the server responded with a status of 500 (Internal Server Error) @ http://localhost:5173/health:0
